building_id, mean_temp, std_temp, pct_above_18, pct_below_15
10000, 14.016701396702778, 6.367649257021633, 30.966330331633575, 55.47538967849264
10009, 11.010186162487594, 5.809308035199677, 16.69765805608604, 74.93466680068349
10014, 14.75570693400651, 7.030979725444269, 38.28912277844506, 52.76460169784817
10019, 14.747894753258766, 7.023112769465386, 38.18475905636769, 52.89162877285073
10029, 10.62250773791952, 6.312460893509999, 18.25563221896085, 74.51301795448481
10031, 12.518701387030761, 6.276148547472659, 24.080075420557996, 66.33473764841057
10051, 13.290568693587785, 5.999000745442376, 25.97693550756574, 62.84890553841633
10053, 11.374393730542227, 6.258993458271203, 19.957686882933707, 72.38848730606487
10056, 14.221562289471542, 6.1794045077543185, 31.770664359612127, 57.05454021123968
10064, 12.728953207612106, 6.964154936671679, 28.848753635028544, 62.67907682432236
10075, 15.167466906325018, 6.441923318013144, 39.21804610900097, 47.35226570090981
10079, 15.102461158826715, 7.31146445383124, 41.92808401490587, 49.40134539999032
10080, 15.785454670460846, 7.277944190809279, 46.40103457397302, 44.68164316995033
10082, 16.474126098138125, 6.709690767446388, 48.685221184391445, 40.51396330188232
10083, 15.64233772060528, 7.120666241272846, 44.870436948965434, 45.874420061760624
10084, 15.103437152612734, 7.1499270524862695, 40.92004216232495, 50.25146815238669
10085, 15.872017672126223, 7.191593991392707, 46.19291488551234, 44.711558809836205
10086, 14.397957890109891, 7.213698560572426, 37.27791203479942, 52.996616723054615
10087, 15.083934018645817, 7.27028240692337, 41.56716488017511, 49.857675650793354
10089, 13.999695381265049, 7.271663191050868, 35.49549379155121, 56.325241387136735
10090, 14.292348986223814, 6.619899290262298, 36.6682123811732, 51.18710874101553
10093, 14.101747106271915, 6.565496053070927, 33.403384102086356, 56.41614489676539
10094, 14.201499394460892, 6.758742788772038, 35.3921085754939, 54.89520056914573
10097, 14.35799718729252, 6.86422206769846, 37.845159605718386, 51.274561002676414
10117, 15.467991377969012, 6.682571553234301, 44.13410625109789, 44.460337775101
10119, 14.089674182737747, 6.7517891686011495, 35.08520585130448, 54.69260543909918
10120, 15.282544148744204, 8.031762241511615, 46.168775716171105, 47.71627461636002
10124, 13.86919884645161, 7.031665043552118, 34.57151056426444, 56.046202963016114
10126, 13.40088286998995, 6.635991232675344, 29.673490998941055, 61.073067419696436
10128, 17.429428523492952, 6.706558499486138, 56.04351758259297, 34.869926052029584
10136, 15.42979906999444, 7.273166830272944, 44.34338141516802, 46.86940789148467
10144, 12.118514169692054, 6.126230299937147, 21.841893859516993, 68.8482201134709
10145, 10.662732529004286, 5.891499543213232, 16.58916200056942, 75.26335769194267
10150, 14.964157992203209, 7.494034565092377, 41.2050516477199, 50.724180776292116
10161, 13.451501800335974, 7.029405189189975, 31.821653456440195, 59.45789982857822
10165, 13.055518070115754, 6.732036807775978, 29.071604938271605, 62.0477366255144
10167, 13.234493289110363, 6.813348934893423, 30.197673255775193, 60.84369478982633
10168, 13.195184804041322, 6.899792836112633, 30.327255804676984, 60.48332142204198
10174, 16.438737087627846, 7.038489726484552, 48.85436404444103, 42.062354479412114
10176, 16.501949832658816, 6.921002551592224, 49.112582412996915, 41.48190391409575
10177, 16.456922862716393, 6.839803673000726, 48.35345773874863, 41.79807769537629
10180, 16.276240202682757, 6.968740208448788, 47.38959340844965, 43.157888151350406
10182, 16.740669696738724, 6.3204033635886265, 50.90032760611846, 37.492045534893585
10198, 14.431878611672115, 7.342926980697578, 38.64298001852587, 53.206298795818455
10199, 17.245969754160335, 6.977343060987765, 53.916059384576684, 37.65347524208548
10200, 12.830312394280611, 7.256674859449889, 30.691724594726594, 61.63500973459024
10201, 15.953213030194053, 7.271810272250505, 47.068600293302914, 44.6367932214437
10202, 13.548943818661028, 7.495486204636745, 34.049744517565664, 58.63570391872278
10203, 16.808300529921958, 6.612672140202543, 51.237985237109015, 38.872736445223296
10204, 14.767061726972928, 7.06372809634162, 39.04547387444852, 51.72221336309999
10205, 11.460533705076891, 6.661990836926858, 23.204572590987485, 69.34948923185779
10206, 10.135012507095759, 6.35871022827962, 17.561838635377374, 76.29936241946791
10207, 11.398224796976864, 6.609826102924351, 22.66790323827189, 69.79121813343933
10208, 9.48479074775091, 5.5418713999241715, 11.944803794739112, 82.31896266434008
1021, 16.738562532683396, 6.383704378686804, 48.734853370034934, 39.654093800829635
10215, 15.469642928295457, 7.149003674703941, 44.25972525885896, 46.58636194876449
10219, 14.159469575069096, 7.299827203008476, 37.30760536752769, 54.16640979799848
1022, 17.763444133258137, 6.224513455814447, 57.50419863973352, 31.894815955758865
1023, 18.967892112363227, 5.845541947168461, 65.1759923976553, 25.167712616316813
1024, 18.28462164635503, 5.931541763514276, 60.45152055914937, 29.023533348204328
10243, 16.614798376764075, 6.204487982634822, 49.0093146358226, 38.12274262652258
10244, 15.573482929296388, 6.621991498578434, 44.1185238180409, 43.49698920884755
10245, 16.66015816235212, 6.213591428542973, 49.22347603536529, 37.88389948813401
10247, 15.610816610821322, 6.620014985275633, 44.66136237159144, 43.10617113119858
10249, 16.127140447226534, 6.232782614525417, 46.033884603725284, 40.42406278419617
1025, 17.5212042163831, 6.333492151386601, 56.00018621107024, 33.89041478515898
10251, 12.173336702124793, 7.58893687074984, 29.16548342515288, 65.17294257965582
10252, 12.00197640614194, 7.610234652998367, 27.499436005414346, 67.0204166040006
10255, 11.926328418306225, 7.226103004217818, 25.800634403928495, 67.96815033338574
10257, 15.188927938252565, 7.310625552066642, 40.60872143089064, 51.475923599248986
10259, 12.65041791546819, 7.627092006369724, 30.45617779584646, 63.85218687535996
1026, 18.539356570650018, 5.716088033413639, 61.89410887397464, 26.868941088739746
10260, 13.650692710666295, 7.209648551960943, 33.579046824592915, 58.23579983146211
10262, 14.693826976135393, 7.444745545840866, 38.934037991723585, 53.31970550597463
10263, 16.661784888083222, 7.082246103016124, 49.135324499567446, 42.11856204335797
10265, 15.093463549101584, 7.165784064588244, 40.840422994354775, 50.51416607034004
10267, 16.27449329233649, 7.473994526819582, 49.03108176364062, 43.09437867271137
10268, 16.944618431596485, 6.97543343875425, 51.39637555185912, 39.68508073089285
10269, 18.602321306301473, 6.78889079369373, 61.874750588267666, 30.431671505827634
1027, 14.519349648789792, 6.7317585379825, 35.01887798901493, 53.21842625082305
10276, 13.186396085668653, 6.976909727892327, 30.449901959722236, 61.809791027960436
10277, 13.555565236838941, 7.040583291942034, 32.59736714029653, 59.39603290481108
10279, 13.939906061530708, 7.007860071502185, 36.21131603626133, 54.94321142023549
10281, 13.031412936981134, 6.8736941566077245, 31.33125, 59.98854166666666
10282, 14.266275354075296, 6.78883050102728, 37.71750078143993, 51.44653214322926
10285, 13.988198227231303, 7.037598472481641, 35.448142278570174, 56.55044902271526
10288, 14.551046923940744, 6.819301929790426, 36.36997382508845, 53.612532389808884
10291, 12.239278034181046, 6.7316634156631725, 25.20344967297563, 66.19204723042195
10292, 11.19542793538367, 6.44106573308125, 20.106946920067596, 72.53177156878633
10303, 17.63898521338125, 6.578816890731355, 55.70044831309925, 34.482476520828556
10306, 14.162302861079729, 7.430179593571704, 36.96525050928523, 55.84570871837264
1031, 12.15907371003142, 6.84716473882739, 25.786200887198984, 66.42110266159695
10311, 16.358725324621858, 6.580580308742445, 48.229114912342965, 40.9515697825727
10312, 16.439975479740585, 6.452381717063731, 47.67491619713287, 41.20604807075102
10315, 16.724731072388778, 6.394835548214634, 49.837220830374726, 38.9839364424378
10316, 15.78775977755092, 6.623626901173977, 43.8700838273585, 44.76939359899225
10318, 17.511781566948482, 6.3172339977071825, 56.82895984824534, 32.01074928865001
10323, 14.30097666244905, 7.36443110236845, 38.09248740412695, 53.307018388370075
10324, 16.415937992752028, 7.021108045123492, 49.37507930465677, 41.392272554244386
10330, 14.988866652984987, 7.180442919934614, 40.85320445599477, 49.573701727989786
10334, 15.042880201104357, 7.192198183550988, 41.34090585499359, 48.94243090601319
10337, 13.96489441516934, 6.836544235490343, 33.97373972359679, 56.951481576405186
10340, 13.43825892777776, 7.497931116001944, 32.83896286982531, 60.377969556685905
10349, 13.63591853847008, 7.363464845492343, 34.18454368558868, 58.35275181973238
10350, 16.625958338712802, 7.268549046167795, 50.77247371532866, 40.577363049793064
10354, 12.326657097665098, 6.729179747390724, 26.042322769875813, 65.00333731303996
10356, 12.418423569721922, 6.919595961294325, 26.902485317289788, 65.06320727689443
10357, 11.87995494337406, 6.851622505071976, 23.807982241132127, 69.12639319243398
10363, 15.89325080819741, 6.930937910122403, 45.6458810758654, 44.66030291021245
10366, 15.725002389701297, 6.853878120318569, 43.55707330138415, 45.81073454434145
10370, 15.608654227761665, 7.674709913090357, 46.58131133134795, 46.13581994824977
10371, 12.761584743248422, 6.9158980582005, 27.578156719447826, 63.76243402354852
10372, 15.677073185391256, 7.1711280193418565, 44.890769105204456, 46.91079250210844
10376, 14.459197559012312, 6.556975521347554, 35.43992197055317, 52.65594277840566
10382, 16.934192535562204, 6.334038562039952, 51.23140882267461, 36.761565386608034
10386, 15.178770646886944, 6.700984616945866, 39.49603504373424, 49.366874656675634
10388, 16.391883593924007, 6.660060753751786, 48.60735280395633, 40.726182700382566
10394, 14.60273973048857, 7.002877154187536, 37.93702866254525, 52.33234436878358
10396, 15.398086584830168, 6.995401140092751, 42.49991157641566, 47.58721512868579
10401, 17.03265630505437, 6.7872454436120675, 50.58714592364999, 39.84174418115241
10405, 17.71517464441351, 7.1051599188271855, 57.42041474835714, 34.937827096368004
10417, 16.045295753707546, 6.708378448723779, 45.71745588603744, 43.339060095207415
10422, 15.15739523204287, 7.147819554899453, 42.48855925516806, 48.31544895060754
10430, 14.07832225720844, 6.921827289630501, 35.219732431666486, 55.66164039519589
10437, 13.822009719000235, 7.790820310750179, 37.746944423091705, 55.78445691444385
10447, 17.1537580254657, 6.410045490533914, 52.68286236063052, 35.78791810841984
10455, 15.193305176925106, 7.049416267741156, 41.83121500983507, 48.75737630503858
10456, 14.456679175756364, 6.627888233001005, 36.51034407367932, 52.22459074635839
10464, 15.14426710351998, 6.475453965425003, 38.93216117797644, 48.92194120040086
10477, 12.00619338959369, 7.141183483032262, 26.391859227501964, 66.9266196496603
10478, 12.383641969130899, 7.212856256074767, 28.44893118861556, 65.01353118253414
10483, 11.76206755948516, 6.861512590265189, 23.738751622626562, 69.91375327275527
10490, 14.56204842160947, 7.091741838034533, 38.34056761268781, 52.97161936560934
10491, 17.111093314829866, 6.933676032452029, 52.201579637386885, 39.04006651104787
10493, 16.346804182406387, 7.000784039083338, 47.977569101104955, 43.00029863622789
10495, 15.86069975831251, 6.94442889030659, 44.21712166741257, 46.3887645717452
10498, 15.260363503131382, 6.902882735093192, 40.70484471740187, 49.659287680789305
10504, 16.542957335623605, 7.04170417325799, 49.52866670402959, 41.62977077845654
10507, 15.405848656064594, 6.954413086182256, 41.40986594402744, 49.07072112041056
10515, 11.173925648898349, 6.411750204600357, 20.76053442959918, 71.11045857191797
10522, 13.64060204080546, 6.789595400141253, 33.12495985956198, 56.13881098670549
10524, 14.491385349920305, 6.388749318018552, 35.6752603722042, 52.322007853850096
10532, 13.54766672918996, 6.608665427392844, 30.13553882880885, 60.241073874532006
10535, 14.961323087202462, 6.7560206092614505, 39.832579738482224, 50.04888182818037
10538, 16.142343389105978, 6.574189522749783, 46.54397723443292, 42.833339573894484
10541, 13.538691404683599, 6.617919311952792, 30.105173995905975, 60.13976141737841
10580, 15.136685776523416, 7.209471348226013, 42.15788983563812, 49.32369511570517
10584, 13.239782787650205, 6.559353842085802, 28.496735392976262, 61.1994694208703
10587, 14.96144270914902, 6.711937306730261, 40.310105834117124, 48.041749230670895
10588, 9.069383696951244, 5.95561205759671, 13.728632973548896, 81.29615046092556
10589, 13.413555061491113, 6.448368032546272, 28.655152338443624, 61.434116048903554
10593, 13.412981555890028, 6.587099891869483, 29.58732212160414, 60.02716688227684
10594, 11.58546482795967, 6.461482150353534, 21.663042352697527, 70.35311173242208
10604, 14.246722171703782, 7.056364364731812, 36.40277857511912, 53.15651491666188
10605, 14.458292124778948, 6.624794574308891, 36.38249665602053, 52.63423689023558
10608, 15.187911439070627, 6.702459926143485, 40.50021047742086, 48.45190228041399
10609, 14.411579767611377, 6.656520912570887, 36.35539437896645, 52.77754883375917
10611, 12.368972089642828, 6.7747947002576145, 26.13984407629124, 66.41027425866629
10612, 15.456132024592682, 6.44626013099225, 40.77762901522821, 47.01585953912637
10614, 15.500641860308844, 6.95707048787658, 44.00381922342457, 46.26079839956352
10618, 15.152588439130117, 6.852977484463453, 39.49485946699138, 49.62779779314847
10628, 12.165703091053558, 6.66713820453419, 24.77046738038319, 65.69829886013235
10633, 17.06556744881407, 7.0447842224042825, 53.40317191671895, 37.6179985117962
10634, 18.375761858393936, 6.229956159751941, 61.34708818635607, 28.62828618968386
10637, 16.521223962947257, 7.139105239605438, 50.68258716866762, 40.59858648934642
10649, 13.904417896798567, 7.143180116827964, 34.77427203723784, 56.77183888286478
10650, 14.907878050134299, 7.141889441540097, 40.11208219360864, 50.60511041430382
10651, 14.989510862277635, 6.356961047554184, 38.27318262606678, 49.98751450520719
10653, 13.947395483569624, 7.1414193711404135, 35.44846922880852, 55.92766716701124
10655, 14.721414596879725, 7.236933068383281, 41.15644352285146, 50.97234286995265
10678, 13.683191641354338, 6.90159511122169, 34.13261955215188, 56.5907034957929
10682, 10.082037090702428, 6.095476609398239, 15.944011786992213, 77.52841507051147
10691, 14.759449798248282, 6.703836041188772, 37.63836083874841, 50.40178618445304
10692, 13.614006369590815, 6.940596869251985, 32.21848596420286, 59.661182880371165
10696, 11.3651480844324, 6.947872019416548, 22.107369123041014, 71.9799072809216
10700, 12.961238487415752, 6.943161620860531, 29.242228997077035, 62.48860671967817
10701, 17.36572178246104, 6.332651606018101, 53.405151526447234, 34.754165579453534
10702, 16.872994892008002, 6.7105838305160255, 50.75310323947926, 38.91916439600363
10705, 15.929408298833954, 7.042722224759786, 47.4095854160541, 43.71263353915515
10706, 16.28295844887814, 6.382962438157239, 47.05365339166781, 40.24102033242837
10707, 16.015324519384542, 6.656506056379055, 46.362456522867674, 41.97061724549655
10708, 14.391126778276922, 6.918880725782116, 37.05085810348968, 52.69808427703164
10709, 16.100287849201937, 7.067116020715144, 47.56294295709547, 43.19092243832587
10712, 14.693306696661006, 6.569243991099896, 37.52079713092025, 51.43638850889193
10714, 14.429689113730422, 6.825990941762211, 37.07848541462422, 52.355672296109944
10715, 12.636989491952647, 6.988249918888263, 29.37905139740002, 62.52169600793454
10721, 13.746848854619925, 7.085401623625563, 34.23077893568166, 56.718225631450125
10722, 14.678236793808058, 7.010049107493784, 38.23303105248695, 51.95108546303929
10724, 14.314281951302549, 6.858714844970003, 36.72483810778181, 53.27186916913621
10726, 13.65354885024011, 7.072595701202569, 32.266703289157455, 58.754573724016836
10733, 14.456790040607526, 7.242961620813068, 37.975284365411675, 53.6556423861267
10737, 14.083992383497314, 6.929001714112812, 34.35522151898734, 56.924940664556964
10739, 13.275026399753834, 6.740464426613892, 30.04597740441315, 60.729485360726066
10742, 16.447477598038905, 6.642760441619543, 47.138136708577186, 42.42250287026406
10765, 15.021395978544916, 6.952555831188749, 40.40274633697356, 50.47513619741785
10769, 16.282801853482482, 7.232839879105019, 47.98346973173852, 43.667120199825355
10772, 13.967394761131308, 7.212069974308637, 35.21497114366697, 55.96193468337716
10773, 16.233472997466546, 7.254355581236763, 48.02529398713113, 43.80055267563588
10776, 13.39336522329641, 6.907956304239424, 31.239496752509428, 58.956715265476674
10782, 16.915245850062856, 7.200747401635265, 52.328975372453634, 39.95946082902604
10786, 17.133393263731172, 6.910045126560036, 52.83997694320046, 38.165210836695785
10790, 15.495106611024607, 7.243665189666723, 42.8702522785952, 48.62506610259122
10791, 15.188129425605231, 7.092030485667301, 40.00100914962325, 51.1992061356297
10793, 14.12031478590707, 6.6294513865026445, 34.09903349662386, 55.89390529149565
10794, 15.247645893580106, 7.063161631205942, 40.19073342336485, 50.87280548191867
10797, 14.518684867230645, 6.874428425111961, 36.9679354959685, 54.11353834614664
10798, 16.282596500411803, 6.971522866191015, 46.57763637124796, 43.98626868170972
10799, 14.321258408516835, 7.17577746535294, 35.66047378051796, 56.14810174576746
108, 16.921872417160742, 6.735629985636387, 51.00795848963994, 39.083079152496815
10801, 14.137927029184333, 6.526940453335429, 33.4320721691127, 55.812126924285266
10803, 17.69481493113049, 6.747036654614174, 56.13715929643458, 34.395591610521755
10806, 15.894701426524273, 6.455259778173222, 44.1449735321551, 43.654379610674354
10821, 18.82114233622433, 6.257311820000823, 63.10843756129913, 26.798808111566736
10822, 18.167962969254184, 6.750544901003818, 61.06709592712165, 31.329418430021853
10823, 18.47847415212744, 6.73790420218793, 61.303882336422355, 30.958649255827016
10830, 15.87712001263362, 7.456523053978334, 46.72468540515112, 45.488987080190185
10834, 12.852574580922306, 6.726004310779576, 27.381619436917283, 64.26032241767327
10836, 17.495104015687854, 7.390596255229579, 55.13214568406336, 37.74093072502801
10841, 15.930679471081127, 7.422625650253341, 46.82583480980181, 45.35807991325142
10845, 15.939224530520464, 7.436653056604128, 46.95994139646065, 45.192196476076646
10849, 12.921540814633762, 6.9122577718857405, 28.978474091599217, 63.14328561182574
10851, 17.556912126695163, 7.428643055438862, 55.668283620600675, 37.418722262359374
10853, 12.531304787054587, 7.1383925896320415, 28.383632660618403, 64.64132156596514
10855, 17.586206970646167, 7.388367967750909, 55.76733298143346, 37.14685699860005
10865, 13.011446822379337, 7.0238874614100215, 30.40139331656193, 61.70722019086807
10867, 16.971755730868857, 7.530716257197742, 51.218332358367455, 41.364802231921885
10869, 12.816801929865353, 7.112171400127881, 29.6441277511035, 62.904064344475366
10871, 17.02485816534975, 7.507907331374136, 51.55032979638657, 40.92342988242042
10874, 17.582579518168934, 7.114603999819741, 55.69053424961206, 36.40730067243035
10882, 16.004213819871254, 7.2262047644981395, 46.33351905027215, 45.74493921341733
10884, 17.8422658623985, 6.92804128057219, 57.67913217242364, 34.16681805205927
10889, 17.131340140938747, 7.092845445972336, 54.19377566410163, 37.05978841221088
10890, 16.74030253288575, 7.15934220450015, 51.234303870948025, 40.32721273410528
10893, 16.372449757346605, 7.093751617613313, 48.84202737698853, 42.80429152793192
10895, 15.965237963139355, 5.947894160953666, 41.23994147768837, 44.3562545720556
10896, 13.11889789129848, 7.079628154129098, 30.368219986383238, 61.54588092896588
10905, 17.492495630406875, 7.07794776493273, 55.68148191986744, 36.30328855220848
10927, 12.115154044775624, 7.4925884134137855, 28.373364350101777, 65.01890084326838
10929, 11.835097784304839, 7.195431042713909, 25.234958372671873, 68.11861642777444
10930, 18.14372960288882, 7.188268295515555, 59.7238590266837, 33.31183089156567
10931, 13.879255297667205, 7.15582489946487, 34.41972860772043, 57.513742221592764
10933, 17.22061913580986, 7.027776618397851, 53.38469794541552, 38.263761116222014
10941, 13.79708132054618, 6.703011726880229, 32.99829448550312, 56.577600909607725
10945, 11.813373173127177, 6.24296115707146, 21.12914553257901, 68.54467420991026
10946, 12.97700782182366, 7.14061598598427, 30.25806811992906, 61.54463824379617
10947, 9.432628136328676, 5.636677501388628, 12.37594685461984, 81.80621379673512
10949, 15.727171012500307, 6.99482601827276, 44.76615897960282, 46.20311070448307
10956, 14.990665132455018, 7.04699808167955, 39.36110477460563, 51.707347031883344
10957, 14.768383844444688, 6.761306807103006, 37.489659398457846, 51.84905274983404
10959, 13.941292712043676, 6.934219742689317, 35.30481412415226, 54.64295323183686
10961, 18.216326386744957, 6.7325409941803285, 59.76201527490611, 30.856787206211234
10967, 15.066431685487709, 6.723619384899474, 39.3842811318241, 49.22573967225883
10970, 17.130665950968755, 7.006833869405314, 53.49049494231157, 37.64448642968593
10972, 14.263920813806282, 6.582768910114443, 33.71534955693372, 54.725032942854725
10973, 14.74587256933754, 6.786864255113386, 37.382135451308734, 52.027335446092046
10975, 16.37457225462089, 6.672333835625144, 46.51637601020842, 42.509570395576354
10977, 15.52868059787431, 6.81795994206461, 42.09399313885962, 46.96181528733828
10978, 15.77523096772763, 7.001314582425257, 44.572807903895814, 45.74379701358482
10980, 16.372937231667997, 7.113869076669742, 47.813722004976896, 43.82975593610944
10982, 14.864686661342338, 7.192367185548092, 39.374590029517876, 52.12569694981961
10985, 18.173243833029648, 6.650635738653312, 59.41559838251742, 30.773036221285384
10987, 9.394388351342661, 5.404393639762673, 11.494365989273238, 82.0744968754613
10989, 17.513034336761166, 6.943878444989167, 55.6230962786386, 36.16607071911005
1099, 15.85313786386602, 6.551996698075181, 44.22482349140915, 44.937010659734504
10993, 15.784767922523697, 7.217316696458296, 44.87909972768731, 46.433141219829615
10995, 14.430837641668374, 7.0687843945536, 37.917331793635164, 53.14109748780129
10997, 17.601534800359815, 6.5721167982924396, 55.38182446440912, 35.92994125777471
11000, 18.738883118562743, 5.461144774375033, 62.32971454918892, 23.881879532212768
11009, 13.749231458992302, 7.290323011407555, 35.6024682538705, 55.73400992720868
1101, 16.181455603387036, 6.994360906764289, 46.67924073999759, 44.17713391388097
11012, 13.748385813189744, 7.317698245376632, 35.67321307640214, 55.80249953826264
11015, 14.030256062508762, 7.510575321490149, 37.3330943632942, 54.56582131015324
1102, 14.416236022043805, 7.574073757001165, 39.94643388552723, 52.78841384783256
11024, 14.223807669851986, 6.628282326062918, 35.706097935065145, 53.26208043397537
11032, 15.54520957483661, 7.130442115759995, 43.476200068727714, 47.21238046711142
11037, 14.240855191361943, 7.617265868358256, 38.2342353461487, 54.73273884826232
11038, 15.65128943255399, 6.992735058946024, 43.34347817146148, 47.27426021509798
11039, 16.063357697225243, 6.958693815391113, 45.62815083686227, 44.57854406130268
1104, 16.122469304894267, 7.115299291089013, 46.26939413016281, 44.71547306935269
11040, 15.635836515277694, 6.989183145637472, 43.08126194062288, 47.4157712252469
11041, 16.070835600828453, 6.972820826085611, 45.66108730994571, 44.850257154834814
11042, 15.621018243981128, 7.08150365711471, 44.334345720417, 47.08772588153899
11043, 17.382456330184667, 7.323531243737201, 55.02044650751547, 37.07311007957559
11051, 16.824856765628997, 7.1797154332097275, 52.1210389674919, 39.335180055401665
11057, 14.731426736717786, 7.701750231902636, 40.529793906810035, 50.57683691756273
11060, 14.472422651848854, 7.153746252356213, 39.37350013489911, 52.11365604987007
1107, 17.848707311233895, 6.190020342304192, 57.248169283142715, 31.675687590311284
11071, 12.207954426820427, 6.890390740123946, 26.30643298347813, 66.16079947772812
11075, 12.52185238522664, 7.354982354486185, 29.856490674964686, 63.572993223739424
11078, 15.776091418123203, 6.744113698405937, 44.548261936812104, 45.439068809882016
11079, 11.70171352055968, 6.755197985070765, 23.747821366324754, 68.54910140289722
1109, 13.067812062212802, 8.804460656334824, 38.593650754113064, 53.499059693871196
11090, 11.327888207833157, 6.672231962155673, 22.981291684390477, 69.78498679743494
11093, 13.179581268503258, 7.073395004131072, 31.26105920407542, 61.49086523831529
11096, 13.716293279293417, 6.820790013747427, 32.70381093752297, 58.380976176129096
1110, 17.934286021436684, 6.197807593083538, 58.91504176023005, 29.96720569942327
11100, 11.611489310276207, 6.9123276214871145, 24.540827123778975, 68.93440705717245
11103, 12.099749453539971, 5.693783504599216, 18.60710132038038, 70.78743928302661
11104, 11.21675410336042, 6.717841699280391, 22.26787940348123, 69.81047139757145
11108, 15.501887590229758, 8.39878396446324, 49.27338382948741, 45.24543479537314
11117, 16.040792563853294, 6.7415267607484415, 44.35346440001663, 46.09085996924228
11132, 12.293204373556891, 7.341145777030156, 29.234236177003364, 63.972871560424394
11133, 13.77337810442378, 6.8828532467522825, 33.42868608707284, 57.14065217167612
11136, 13.331355174205264, 6.692686924059805, 29.924352031747343, 59.651316605349095
11137, 13.417708572981507, 6.88985717339088, 30.549710269620295, 60.256662762130844
11156, 16.30348744157262, 7.459541402251123, 48.482974303918596, 43.45811842135972
11160, 14.964330898436437, 6.9729482466223285, 39.61935371449592, 51.013572382814765
11163, 15.00255844816334, 7.046309451722223, 39.3353275772203, 51.287193781584975
11164, 15.151570073666297, 7.266245807934523, 42.30283534275346, 49.03428199231679
11165, 15.36155815145561, 7.183390563718708, 43.509885474364786, 47.72624233703258
11168, 16.027015107723983, 6.980071706676898, 46.853552951113926, 43.5434484214972
11175, 15.126555198528585, 7.2810633621201895, 42.276260978004196, 48.98909496139457
11176, 15.973384472758337, 7.002221706414429, 46.70002382654277, 43.778624943742884
11190, 15.313495303161341, 7.144712186403169, 42.28078304181629, 48.77331171087687
11192, 13.741422179582248, 6.91695159484211, 33.95044113100759, 57.14370645168961
11195, 15.718342121124165, 7.252440359736725, 44.875192687346185, 46.46672255726533
11198, 13.734993532532295, 6.278443970620397, 29.6374837471364, 57.02588075041793
11199, 16.77118408931287, 6.251629576156214, 49.50313511555787, 38.11485614686375
11200, 13.454570378489151, 7.615617654177825, 34.36005577257695, 58.93340708219541
11209, 15.012700418019033, 6.810029952311322, 41.054617107634265, 48.44805227613386
1121, 11.523744755983984, 6.643575804802081, 21.87618975100891, 70.67387497144597
11210, 16.464323119771283, 6.82138030261485, 48.964188931938814, 41.483953326913166
11215, 14.474618247835041, 7.166471803471703, 37.314855119351535, 53.741720685638995
11216, 12.077801107329988, 6.262281385531792, 22.196202437241773, 67.49697955043777
11218, 15.430479332565799, 6.554085620785019, 41.45987363892996, 47.75104180669445
11224, 14.867344209429659, 6.446341817121656, 37.98106078275878, 50.829562594268474
11225, 14.698906031495916, 7.245568445443168, 39.849784643861454, 51.34968378836958
11226, 19.330729324186688, 6.318225381383628, 67.03765354847332, 25.204427542130908
11227, 17.208033232439725, 7.016889562247707, 53.33474201851781, 37.57347573859926
11229, 15.691393077628073, 6.553477623389334, 43.029463210740325, 44.67413280025443
11240, 18.276593781447705, 6.676003379375744, 60.02752528485469, 31.56446037639227
11243, 15.183378207146763, 6.4784604562923604, 39.62643780492148, 50.97930985363769
11244, 18.78073144410547, 6.596477572193856, 62.900227225779794, 28.824623011774424
11249, 17.230739406043988, 6.608732051406374, 53.885760257441675, 36.322070260123354
11253, 14.583932801353457, 7.090254846199429, 37.94486064424715, 53.33805640554107
11255, 17.632639921902545, 6.418180207339015, 56.10969069593415, 33.8036293339985
11258, 13.431748588723842, 7.2975586941425075, 32.51458504879203, 60.48283957322308
11269, 12.693141032959474, 7.191058622496031, 29.487357118115693, 63.20748181503291
11271, 16.745891710088586, 6.7483769583151005, 50.96560983166374, 39.58587214706186
11272, 16.53722603068917, 7.460617953242878, 50.418843312416925, 42.45000154554728
11283, 14.052680963990849, 6.606392473112662, 34.233720841881315, 54.61970974849935
11286, 13.471756621554817, 6.715958021851684, 30.267274515062127, 60.80361133458479
11395, 17.51220917338402, 6.739325623847464, 55.20736169907441, 35.69006959890938
11396, 14.999742993671498, 6.931508578344233, 40.07541171469234, 50.07208472727945
11399, 14.492609648498178, 7.321285608583355, 40.672053745507505, 49.76392379789058
114, 15.052912571000011, 7.108277304167095, 40.50086792389234, 50.60249085730657
11400, 14.782112583100684, 6.99473236346584, 38.36016300106933, 52.57940521950233
11404, 16.451099089744528, 6.73086815663705, 47.88924314384368, 42.00875788805249
11407, 15.811831780802223, 6.948760772291268, 43.822667418853285, 46.69565337039228
11414, 16.00119103376018, 6.891240252238068, 45.71216074827616, 44.640673650241396
11417, 15.260005218603487, 7.36768655861034, 43.42125056410771, 48.629845058416485
11418, 16.879293316338075, 6.785307253124583, 50.87518978129666, 39.626334742838495
11421, 14.206981347301133, 6.945585525517671, 35.24614129849345, 55.5391410061093
11424, 12.933597326875935, 6.75158446599142, 27.901591895803186, 63.118668596237335
11427, 11.76739763865274, 7.0324026114038345, 25.352395655989934, 67.08154007211819
11430, 11.347485004511293, 6.872539755980465, 23.205049820711533, 69.52922319348282
11434, 13.515925204744821, 7.476389126928856, 34.117117809060886, 58.58084903279605
11437, 13.565566366239514, 7.3145904579786265, 33.75960234975147, 58.84658834161771
11438, 16.441059203622423, 6.552681397528734, 46.050258322888325, 41.92626333649231
11439, 17.475995119804793, 6.840505721205941, 54.8744019138756, 36.578947368421055
11443, 15.321414965895707, 7.71992094121822, 44.59619483697798, 48.92081787321386
11449, 18.2065921069664, 6.724052942280961, 59.77694575001992, 32.145303911415596
11454, 17.40590213894634, 7.429642872430907, 56.56059657312006, 36.893038082768825
11456, 16.876003001410297, 7.54039448922989, 54.30686120209282, 39.29417102669899
11460, 18.1921796428431, 6.710407119828332, 59.4212981263341, 32.45157719977863
11463, 18.341294845370786, 6.70264513164815, 60.74468549478371, 31.365402243659695
11466, 16.322500137334302, 6.824033032990097, 49.544578504105395, 40.82688702906777
11470, 16.634751457880068, 7.03294077801173, 50.28984253331026, 40.954317355943935
11471, 16.921414914989906, 7.095357706889767, 52.647290441917114, 38.77808911598264
11474, 15.500591455702946, 7.500823049988012, 44.50915826301708, 48.32681621732867
11479, 12.787645296427886, 6.645400541157719, 27.011151783434066, 63.89716523367668
11480, 14.029536872038438, 7.02087001206725, 35.55026455026455, 55.1031746031746
11485, 17.01835093082081, 7.034087241248156, 52.617410671056454, 38.70824053452116
11489, 15.272119569980234, 7.1465080538203765, 41.56902985074627, 49.24626865671642
11497, 13.231546215293312, 7.084370212165884, 30.793007015879763, 61.17225701996827
11498, 12.276058961530886, 6.9612203100590015, 27.053935012050196, 65.1741045458323
11501, 13.898293851932657, 6.5842997923039475, 32.021684134441635, 57.64221178171305
11509, 14.43391094028944, 6.6680574256043075, 35.32282432847994, 54.995788375917535
11510, 13.794228193454673, 6.753374430647598, 32.352899465346816, 58.2488335484237
11511, 15.207464222539429, 6.830858661067063, 39.550069569769526, 50.908539861411505
11512, 13.586965532247032, 6.6719442157179545, 31.30119548372814, 59.64965685189285
11513, 13.969235237643291, 6.49868312229784, 30.868761552680223, 59.364621372646255
11514, 14.005995195399594, 6.861634437707925, 33.70938208000993, 57.015610936966574
11515, 13.641225520318203, 6.3827109760526755, 28.868805096673828, 61.20700298787565
11516, 12.96130154178258, 6.930110436608907, 28.537584013596685, 63.34045785800736
11523, 15.40830385429921, 6.631749135232962, 41.38212232096184, 48.338734971249345
11526, 14.818499193298353, 7.1708391496069055, 39.58020560774389, 52.141151574943876
11574, 14.054135032268087, 6.879400407136833, 34.42015561319007, 56.24424816837777
11575, 13.928236701044582, 6.782838753488418, 33.31570152555209, 57.33503239844679
11580, 20.825807757510265, 5.5016283483403745, 77.63092144713171, 16.37184356053035
11581, 21.128091827307244, 5.356383905242771, 79.78974751590889, 14.57443217834416
11604, 17.511436079276706, 6.860714500619619, 55.728437748689664, 35.171007015906994
11605, 18.500682239439275, 6.4752093158313055, 61.95347758611462, 28.56811573520755
11613, 19.521861889642683, 6.590627660239291, 68.90110664693029, 24.607915697469515
11614, 19.42073734641182, 6.6161167430317125, 67.7844415471534, 25.30638852672751
11621, 18.367770632085556, 6.103225343408175, 62.06380149498444, 28.047095882983257
11622, 16.716317103302533, 6.585900726496832, 48.36205106913016, 39.436717182201924
11639, 13.687954707898081, 6.45752976871448, 31.07917946685165, 58.396591021702505
11645, 15.661665028854838, 6.970015018324983, 43.83214676889376, 45.566356334428626
11647, 13.788964325665635, 6.551289729835763, 31.81516158260344, 57.4388402295379
11650, 13.524098152428486, 6.652805006814709, 30.839279128034896, 59.20866877790072
11669, 15.945973675497752, 6.331675017799131, 44.84614459017469, 43.12873973112222
11670, 16.242004663581163, 6.065495647397155, 47.30130259315564, 39.22653746459156
11672, 16.04279299166691, 6.288890929744434, 47.27174443007653, 40.53589977317533
11675, 17.05463361959144, 6.149213416997569, 52.93879405721511, 34.93559348822507
11676, 15.460167975044023, 6.861761754022103, 43.306546275395036, 47.071783295711064
11679, 16.882536229443993, 6.764721599183515, 50.78434687858122, 39.499145202802985
11681, 12.703628855050036, 6.427750407618106, 25.31642390758413, 65.80738322451029
11688, 14.264538021394573, 6.857594168467654, 36.52241191243246, 54.472235610461425
11691, 15.060112029317104, 7.344520786442078, 42.010671905280205, 50.135389843107056
11693, 19.050316175268936, 6.619007602544083, 65.13602941176471, 27.69669117647059
11695, 17.630464852819188, 7.03330864242703, 56.840353494777915, 35.072114464975705
11697, 16.596875862255402, 6.301577670682243, 49.89273330506149, 37.44231296929179
11701, 18.116454391566357, 6.368636162734459, 60.070742956868614, 30.720206930939913
11702, 15.977668704141712, 7.272376067175204, 47.78320227580467, 44.390613547994384
11705, 15.895917249290752, 7.276266198833745, 47.474822642258275, 44.5800466339237
11713, 15.930201377014015, 7.317473548333598, 47.75594853708211, 44.422780785852666
11717, 16.816915137536597, 6.3289963753410685, 51.07417967186875, 36.25700280112045
11728, 14.37262876262774, 7.052083962656544, 36.81766399797475, 54.26885225151102
11729, 14.58468971786984, 7.129379410995463, 38.01648277127562, 53.08553329663403
11731, 12.514123307139432, 7.269535326655811, 28.22287222658201, 65.54501280191514
11732, 12.296316431143795, 6.550529538833048, 24.588461050494796, 67.09274295863995
11736, 9.59182320685217, 6.545324181230724, 15.916419450535276, 78.26217808160281
11737, 10.490546565898258, 6.669432077363357, 18.30869077245889, 75.44039428097399
11738, 10.660666533924747, 6.792895697676174, 19.406087602078692, 74.64488987874289
11739, 9.657007822891826, 6.6893732927141265, 16.204160411752092, 78.40446064765173
11740, 9.19495435579882, 6.255793238074481, 13.732881015202917, 81.09058927000879
11780, 13.228868733834007, 7.036249305218371, 30.690003689859303, 61.441772415895265
11781, 13.265015793474646, 6.731915776864758, 30.34924567951573, 60.816893015086414
11783, 12.471715602189967, 7.1033917571232905, 27.8528013622496, 65.491253380003
11784, 12.70828506480134, 6.890372605417938, 27.835550558990697, 64.59699581537693
11786, 14.160049484070525, 6.966103454164022, 34.987334086014364, 56.3163537347843
11787, 11.84422896954423, 6.938587884879408, 25.167621830168187, 67.80068921601679
11808, 16.554304259626075, 6.9190595957166146, 50.03223726627982, 40.58258526343633
11811, 16.81119839938174, 6.554742866299131, 50.91118468403627, 38.8988052396718
11812, 16.806063286156295, 6.577643897773232, 51.238772942248445, 38.62107866533605
11814, 16.57598821995889, 6.503848185956126, 48.39013220833399, 40.330599250348946
11816, 17.748538601494033, 6.489665815283226, 57.36599219027334, 33.36022633147234
11817, 14.799782056904961, 6.480801487737253, 36.88740063841773, 51.699317769293366
11818, 17.358557725534716, 6.437258903602427, 54.589570523054554, 34.83710857847399
11819, 16.853672272463402, 6.4162323489113176, 50.452991037422414, 38.30407935041571
11824, 15.664442555651313, 6.6665234169872045, 43.43968965206147, 44.856103208733046
11825, 16.60693132565709, 6.308334922169845, 47.925855006042724, 39.86627532842591
11826, 16.615718033515144, 6.317828517922345, 47.75126448653493, 39.813478742956086
11828, 17.659532258794925, 6.4888441373588295, 56.75358676301183, 33.82029531888156
11829, 17.631540863863194, 6.478788666273624, 56.597549481621115, 33.901336646388486
1183, 15.70105382565434, 7.141351424593759, 43.93407149280576, 45.60617131294964
1184, 12.393801880564485, 6.92451729722546, 27.86159637668372, 64.27857184871478
11859, 13.944051479859148, 6.443627160668914, 33.396261643466175, 55.600273841877055
11868, 12.291061122948749, 7.383379774892055, 28.855335583736274, 64.23531916187696
11888, 13.351817890081694, 6.959789271620447, 31.686624203821655, 59.84968152866242
11904, 15.464753094282413, 6.516493391447942, 40.721306013659834, 47.719195957576765
11906, 14.364687109407182, 6.430163303478642, 33.74615289917518, 53.7966268619968
11908, 15.300661981084996, 6.6405829916928125, 39.953837276399305, 46.00836699365263
11909, 15.17580842074569, 6.753100737505696, 41.11289711321075, 48.546150729865005
11912, 17.912021232208318, 6.9385466036853565, 57.336733248335456, 33.986400339991505
11913, 14.907644629219723, 6.6443390596236265, 35.555436972211474, 53.10503075014341
11914, 18.777210554094847, 6.358273323422937, 61.190597853857945, 28.57359147599311
11916, 12.373443913113043, 7.271033945265853, 27.811141022986124, 66.58469662455995
11931, 16.53076771425455, 7.0107567199213, 49.6436443380288, 41.56997885362006
11943, 14.871198698094181, 7.536207309813792, 41.952282001852645, 50.73980422101495
11960, 15.981608236365126, 6.750163704400242, 45.583858337949614, 44.05532030758542
11962, 16.41659206154988, 7.259252816139002, 49.41103411566402, 42.03589981172806
11964, 15.756453387034272, 7.654171333499012, 47.28290955906019, 45.1419375603476
11966, 15.979285155474214, 7.456877619563909, 47.58543462176808, 44.152052630526505
11967, 18.595337951121454, 7.087754952264576, 62.022771043389604, 31.34511536573392
11972, 13.975459697492738, 6.958775196209479, 33.49003626095048, 58.07528158392966
11973, 16.12981854974178, 6.656692985358921, 46.231778015421845, 43.21072775370068
11974, 15.499193065807646, 7.160746255164818, 43.10309031382257, 48.21688093907211
11975, 18.545673656095826, 6.836574653181551, 62.44605200509914, 30.10182924019721
11977, 13.75975738776762, 7.116452037517683, 33.266458611978, 58.74254293781712
11988, 16.81902065328195, 6.823804707331773, 50.81171633077821, 39.56241433575308
11993, 15.391518458672667, 6.566909013944323, 40.66473596090321, 48.70582379293181
11994, 12.739513194024678, 6.329980150057784, 26.581613800346176, 62.53136000311169
11995, 16.7825530609085, 6.948097845029591, 50.842179138520926, 40.23598561277305
11997, 15.202441680145172, 7.082485841620702, 42.14525434594065, 49.00071646743844
11998, 16.41906276937593, 7.000436742844986, 48.02531242175229, 43.195010357150984
11999, 15.748194204695146, 7.174868994158279, 44.36698846568369, 47.22190373546745
1200, 14.990133621137309, 7.351440072752593, 40.5191076807229, 51.125988328313255
12000, 16.24030795885125, 6.127195022691686, 40.80052982325427, 42.34032865598742
12001, 15.119324177000646, 6.612040521831779, 38.996121981315, 49.88762559492332
12002, 15.569640714095067, 6.616798560653507, 41.90706174128704, 46.94774398468433
12005, 18.37236519852313, 6.33791021347908, 61.579946828712494, 29.346752753513105
1201, 14.314113233742331, 7.138786815357833, 37.348050526916765, 54.517448914051904
12347, 15.774481903558879, 6.689917461967469, 43.633603044338955, 45.70928869327901
12354, 16.607825207362957, 6.744051341211091, 49.6327833954231, 39.89888238424694
12355, 16.087161401106975, 7.025436872078674, 47.12007017087909, 42.69540640634137
124, 15.592186808820196, 6.832303290040598, 41.936335468452576, 47.33712189631935
1243, 11.885269346203284, 6.659870394726319, 23.729099814220568, 67.7387687890559
1246, 13.830965808138847, 6.544254140969607, 32.62616522018644, 56.3142232038241
125, 15.62541690649923, 6.492842335047166, 41.07486768876151, 47.44248820951428
1259, 15.245235385149455, 6.4211225156875305, 39.3170062282276, 47.070621767127626
1260, 16.216660221526944, 6.971498853135098, 49.48264584035363, 40.909631509048744
1261, 16.451145171526306, 7.169573984778902, 49.30037742796649, 41.78058547362607
12815, 14.362914815188251, 7.167056447802939, 37.47462112972229, 53.67268508447538
12871, 16.38075858515649, 6.913246445094738, 49.30558298118821, 41.72689335597594
12880, 17.65249554625757, 6.455584561249984, 56.44203364898409, 33.11758757010205
12881, 16.89592038219915, 6.531095347265779, 49.11811865312667, 37.12252805986104
12882, 17.914741830357727, 6.541912570052465, 59.12931492068464, 31.88451196909181
12888, 12.07904842182834, 6.521464645827008, 23.64458727608165, 66.64405165744213
12890, 11.35548289021196, 6.791755082683059, 22.692187569714008, 70.34533529647972
12894, 11.59012980317619, 6.7672739708933465, 23.85466034755134, 68.46987136086662
1290, 11.3205840057704, 7.063424936167866, 24.1114956174695, 70.04976129733006
1291, 10.298606236587226, 6.927192791279084, 20.486189152422074, 74.22960903767671
12915, 16.005498501763544, 6.946258830349485, 45.76059101465525, 45.273084007367665
12945, 16.275996959880672, 7.151872817496092, 48.34947532512521, 42.32762229182604
12948, 11.240195074389993, 5.594276219683535, 14.991573343413819, 75.1547512167462
12949, 6.829280266933676, 3.9992305828919945, 4.520135732121135, 93.34464434342787
12952, 16.992010279372042, 7.0893842852884354, 53.283978351883995, 38.1731849280098
12955, 13.514411640110005, 6.496218132161011, 30.73826631371066, 58.381444598512545
12959, 10.810094540076317, 6.120456547884004, 17.131976430023414, 75.0135089931297
12962, 11.057049686257548, 6.8028139884805645, 20.667965488449763, 72.34437331848966
12963, 10.59968913488186, 6.2330332134452675, 16.55190455280147, 76.36056169592555
12964, 13.997723890683446, 7.007391657412137, 34.500149547746986, 56.47954289957611
12969, 15.242604394743873, 6.783087864038316, 39.65712277464773, 49.97419085587515
12974, 12.310313830733481, 6.877023540579833, 25.71594388520883, 66.06095779383217
12975, 11.576400962224369, 6.725507218774397, 21.91600680061243, 69.57571317195969
12976, 15.757384794848758, 6.806775941351628, 43.31051006392581, 46.111266020179485
12982, 14.793314813175943, 7.121734896461329, 39.970492700512814, 50.66926838554618
12983, 14.759847608491167, 7.085329946170656, 38.76940606751175, 50.87950434411053
12985, 13.444150889366929, 6.945606107460524, 30.748204614522674, 60.574523352744436
12986, 11.310008535252743, 6.843209273531846, 22.091618795109735, 71.01782294888791
12998, 12.17750708074335, 6.9956001713255525, 25.788883708472625, 65.9170494112512
12999, 11.406546555205672, 6.639604554357717, 21.00012189747485, 71.05497576115596
13000, 15.852192991645213, 6.750087812692868, 43.630484415839334, 45.550998481357894
13006, 14.88485740522763, 7.097336786608867, 40.1515061845298, 49.93785879150145
13008, 14.764613754568128, 7.081042815251843, 38.77131971561843, 50.87177904644346
13010, 13.45982223561229, 6.954144029613535, 30.85032457076999, 60.5006694801783
13024, 11.179515824598935, 6.493026731777657, 20.739790981227017, 72.58322043739113
13031, 13.536841072045545, 6.748749303561796, 30.159601727798517, 61.32586572955561
13039, 10.55235117952932, 6.197720667933091, 16.28876896068068, 76.66292020026566
13040, 13.52396436427305, 7.148344175812489, 32.50475651771482, 58.44397593459145
13045, 15.338253039264947, 6.759718779644887, 39.957178149876476, 48.557782047762835
13052, 14.054399055726774, 6.818792153296364, 32.71914660370199, 57.42716195134292
13058, 13.53853380489813, 6.926118195266239, 30.68725868725869, 61.184977184977186
13067, 15.18766701826478, 6.993143608221391, 41.50965376908619, 49.224902530328215
13068, 15.514889290683834, 7.245856729434641, 45.37320268921859, 46.572227765691196
13076, 17.223377900893436, 6.636729864015342, 54.58155358561033, 36.022451651677436
13082, 12.812060061949923, 6.502359039919905, 25.73596439487372, 64.91768995656604
13089, 16.881718646415873, 6.828104363003387, 52.380265435660704, 38.53041793751545
13092, 14.088631042028197, 7.727917900493545, 37.593072029221105, 56.383085475746086
13097, 12.049113562526376, 6.400367129352384, 21.959407644723164, 70.06356401560983
13117, 13.720020875365625, 7.194429153338881, 34.63545899478066, 56.44290332484514
13132, 14.243676067352425, 6.560780432569851, 35.223479228486646, 54.80573071216617
13143, 16.14791717453107, 6.3541816341502235, 44.74740829798335, 41.77574121543452
13144, 14.790834140935358, 6.464183255187981, 37.81565509361811, 51.71963532072657
13162, 16.99539878090878, 6.782178003839001, 52.79618199512085, 37.46683908122592
132, 11.482638994554573, 6.384143723348861, 21.009776188060496, 71.94999269150408
13203, 14.747874003920462, 6.892154585078205, 36.93019711346338, 53.55705695937846
13204, 15.134900287961718, 7.366502995680076, 41.43318700959452, 50.54748647241944
1321, 13.8005735221334, 7.217683290314802, 34.3267343390724, 56.96147159441423
13214, 14.270602297851635, 6.449725508180061, 32.59366291670967, 56.34946846939829
1322, 13.447932657656015, 6.980922503649712, 31.503449645108457, 59.2172531890604
1323, 15.218822990337666, 7.45715718758746, 43.62168639793513, 48.54418794527042
13240, 17.672795061053296, 6.367040573629039, 56.00594858721054, 32.92649245804122
13244, 17.153613751541318, 6.230343503615299, 51.26419846965449, 36.75205551066965
13255, 15.016085529511667, 6.997988205199818, 40.9336661658405, 49.51435635950643
13257, 12.180800800694549, 6.487899095512983, 23.63395821372407, 69.36546766181573
1326, 13.524061789357361, 6.98542983122826, 32.642977771692, 59.2678807795883
1327, 12.059291809232048, 7.700548690078944, 29.78640387059374, 64.85028204499342
13273, 15.68202443887645, 6.5830560249866545, 43.71923681940427, 44.53366823971178
13275, 11.553706459973439, 6.465965834225193, 21.396837285308187, 72.04282771886224
1328, 14.051520443636853, 7.516617137083093, 38.43806523852297, 54.16077075463572
13280, 10.75321496537974, 5.816990380979128, 15.851773118175668, 74.80191322833124
13281, 11.535364156421291, 6.203094459554497, 20.340808462771943, 72.01732762128138
13288, 15.376985274364758, 6.758395594866331, 42.365530649208225, 47.58478589588076
13294, 14.616771662790795, 7.000652637010601, 36.53532430726729, 54.030174210219215
13297, 20.477529696272434, 6.075928844913626, 76.88522028955317, 18.379595875429644
13298, 16.476715452614222, 6.756755277831392, 48.073022312373226, 40.97363083164301
13299, 16.591057016708042, 6.780769781004861, 49.45543950908278, 40.0028447189824
133, 11.76549748417241, 6.853516446023735, 23.837968304086466, 69.90482117918513
1330, 13.072307232000174, 7.473750398312813, 32.459357320154744, 60.67443368590531
13300, 14.291049773155926, 6.732181355473818, 34.52640768223483, 55.7971409864688
13302, 17.488904701044525, 6.985026115880118, 55.25530592990881, 36.57429068902303
1331, 14.219614124421415, 6.611954946995557, 35.58595755127547, 54.19242529069118
13312, 16.976985637225557, 6.956342342401768, 51.71154232568821, 39.26715848092545
1332, 14.953820585706172, 6.419229076264896, 36.735403294888826, 48.2464090181132
13320, 17.86740596317798, 6.665849378834926, 58.382994131225196, 32.484196551151875
13332, 15.823594017219301, 6.658428951192689, 42.89627266360594, 46.97688895805774
13333, 15.54392152160044, 6.924614571163476, 41.393669514983756, 48.76399085329161
13335, 15.1017382044951, 6.863206780204524, 40.740419521502645, 49.687155406326276
13343, 12.936539748215829, 7.438061260521268, 30.968437739575617, 62.417650957003076
13344, 14.87618226002198, 6.481154878019399, 36.978993882615214, 51.08480738863308
13345, 13.912276712710312, 6.700265228735188, 32.94075565682794, 56.07148534788829
13346, 12.158034631326261, 5.930908375140071, 19.23113180866909, 65.14263089424763
13366, 15.898324604102454, 6.85148199109732, 46.00997506234414, 43.8824812967581
13369, 15.244490255958153, 6.389147894499342, 40.25192071481901, 47.8239926784037
13370, 15.196164128610738, 6.3277379429282545, 39.84884919271728, 47.83334151248957
13372, 14.739866118604732, 6.336070620646923, 36.717621733562225, 50.81337366140767
13374, 14.773902001232626, 7.533914730007438, 40.15775800251566, 52.43513936073918
13388, 18.474657783572496, 6.348721084465778, 63.090360445158076, 28.514478711034823
13389, 15.54675121431416, 7.278815517064337, 45.54143932454499, 46.580907244414355
1339, 14.065203168516529, 6.010023139058966, 27.69617273612023, 59.20716112531969
13390, 15.211425121122462, 6.9989953929845665, 42.99772283669486, 46.3524723487313
13408, 13.974196965320932, 7.164549521144771, 35.3927526446095, 56.11636281791582
13413, 13.994390539524533, 7.141756098637727, 35.39942108242632, 56.111211988507094
13419, 13.611313578155368, 6.997219611302406, 32.4016202443433, 59.68444434765565
13425, 12.77149321366231, 6.9622128103518195, 28.70015089458935, 64.0536753610692
13431, 13.184882753667509, 6.89475237966813, 29.4984243697479, 60.91911764705882
13432, 13.507311678950604, 6.996140238489779, 31.88448649714173, 59.87778434851173
13433, 12.584004618800899, 6.698952810718955, 26.41224665804226, 64.56600751555473
13439, 11.301187998003783, 6.32758025158842, 19.61589222357438, 72.24088579606807
13444, 10.648794121420668, 5.791408866699287, 15.630424998392591, 77.31076227829266
13485, 11.40307666769737, 7.269587338119323, 27.070082537052926, 66.28849510398486
13488, 17.067755802380542, 6.787127000888215, 52.25162317775328, 38.2396177875781
13491, 10.547369416788895, 7.229751682454778, 21.61033465114984, 72.07249846873434
13528, 12.759213285633026, 6.8932880218856605, 28.652076944521887, 62.869389461945914
13533, 11.089352321182043, 7.542253977770825, 25.64330797863732, 69.3050193050193
13539, 15.175199678646884, 6.153685666132662, 36.76552447280871, 49.019404781938924
13540, 15.99051696674519, 6.4584696987338335, 44.32572476786626, 43.695985173698446
13541, 13.610475887127663, 6.877171981946445, 32.39977650509848, 59.36932532476603
13544, 12.335304599329088, 6.1412229268057725, 23.38142378430921, 67.00048602051518
13548, 16.119215422737735, 6.806683269329137, 45.81658938691396, 44.131890777949515
1355, 12.942035526933648, 6.231102743661616, 25.53019809303514, 62.77653007705859
13551, 16.09767344772995, 6.815538734055747, 45.73539202130383, 44.2310646796743
13554, 14.177646281948975, 6.8542726720280704, 33.99910745276938, 56.204690831556505
13557, 13.888442013045852, 7.261359433646398, 34.268889813422085, 57.21935972520028
13558, 14.90788170987051, 7.003495451981118, 40.07465218866644, 50.4504580929759
1356, 15.541103165849425, 6.334311169846543, 40.3627540350689, 45.78931846211593
13566, 13.922922231661536, 6.705373527367672, 31.231301542704028, 60.865267046489244
13568, 14.984753247574067, 7.382898791696024, 42.28761588888023, 49.237053278278
13569, 14.657539624735493, 6.637411154562775, 36.81202510736703, 52.82237639026539
1357, 12.789651169559884, 6.693615068039664, 27.521358683710528, 64.99243883209037
13577, 15.267299275276972, 6.507774038313954, 38.871797078376105, 49.611669284223666
13579, 15.166459697161095, 6.479585090013653, 37.82813888279889, 50.44136482697345
13594, 14.703874126069987, 7.247627721057591, 37.52984699890348, 54.079175249280084
13595, 16.60797500416315, 6.827024980454693, 47.01029307770881, 43.71022236190776
13597, 13.303184288823903, 6.952991671194393, 30.920335589182063, 60.906648417103895
13599, 13.965005816254923, 6.823487348578716, 33.32195461154308, 57.69391238384222
136, 13.07926495041606, 7.054290501464585, 29.80353105018045, 62.402102457359355
1360, 13.876799200475052, 6.2384780045327615, 28.90191190040634, 59.555454825079735
13600, 14.046254992439113, 6.704767525563575, 32.59878095562849, 58.44593154596991
1361, 11.712399224356988, 6.4906895249488255, 24.982625929834494, 66.43458340840648
13617, 16.727861608481337, 6.749937757016493, 49.95246133845587, 40.33800958534645
13618, 16.561822952974435, 6.526108589797987, 48.853627531099605, 40.45446290747299
13620, 14.461409620381797, 7.035082075352953, 37.03681844561828, 53.60167615899903
13625, 15.669053495430182, 6.946679230421757, 44.026175305665575, 46.10125710349578
13628, 18.92016624748782, 6.860687898659082, 65.75201078618252, 27.47779999070157
13629, 11.127962051079916, 7.43173321263687, 25.224667209997282, 69.88861722358055
1363, 11.782875870817232, 6.539074416020958, 25.63608229116461, 65.72004769031734
13638, 15.617595884245587, 6.984350922142287, 43.69260438349455, 47.015427941716666
13644, 11.65975019595651, 7.324507746048603, 25.741890959282266, 68.84594739667203
13647, 12.48615708271778, 7.375462243520504, 28.92113660537912, 64.38839082206351
13650, 12.27829310875853, 7.393551860229177, 28.216543089826178, 65.47496049592804
13653, 11.942995758058517, 7.431361475859156, 26.904516207357048, 67.45325968192303
1366, 14.40317898702809, 6.392707314587066, 35.517071642726094, 52.88069987022867
13661, 12.035707764250226, 6.829094912418932, 25.191651573227748, 67.47609620487763
13662, 12.996784703740577, 6.775131642660938, 29.108828988782182, 62.37692680171092
13664, 12.685501225748176, 6.191391410880584, 24.369789112309956, 66.18146150073565
13666, 14.583412944373999, 6.748672660081044, 37.20081957985275, 53.09256298831423
1367, 11.709221978293519, 7.137107063153085, 25.091990155225773, 69.00601895850087
1368, 14.65921013077105, 6.668994267659575, 36.37264004952027, 52.31816774992263
13680, 12.309256477624062, 6.613116397645683, 25.094462540716613, 67.55421126105165
13688, 14.479285683832948, 7.1841251461491344, 37.346903570812486, 53.91705069124424
1369, 8.706831034313925, 5.347660466382245, 9.663478750063929, 86.37293509947322
13694, 15.248743659420349, 6.965082082538939, 40.378056373892925, 47.10184660278989
13697, 17.071757374448005, 6.673398365803177, 52.702993575733494, 37.50745082455792
13698, 16.04788543940075, 7.068558625993744, 47.501772515015446, 42.81581327878605
13699, 16.59212593386966, 6.170216797355733, 46.68979979030406, 39.84888578228236
1371, 11.124388958077672, 6.467080882091793, 20.54112890685741, 72.20753641217021
13716, 13.20275256618928, 6.692611597926488, 28.61589038142844, 62.32063701647782
13717, 14.394547384943543, 6.573795078894708, 34.05579077777626, 54.48109675574857
13719, 14.25379405563379, 5.84664710934895, 28.965451422027105, 53.03493033021569
1372, 13.548259852031947, 6.836312032197959, 30.875970220180584, 60.00950419768731
13720, 13.651017476873538, 6.943336903353486, 31.851554787759127, 58.239758144126355
13723, 13.522188982951022, 6.105442757163785, 27.039982860662544, 60.74556117940065
1373, 12.929718805995524, 6.254229504533013, 25.774296902812388, 63.702385190459246
1374, 15.733811897508573, 7.305056144567751, 46.72574495127807, 45.480864284705554
13749, 15.799122526990036, 6.909861511185587, 45.11201048851394, 45.302969845522426
13753, 16.36090803729124, 6.757627463474076, 47.7131377621223, 42.40189333480103
13754, 16.085123160502512, 7.035343419330431, 47.187834326761426, 43.63441846247898
13757, 15.768366265947904, 7.145543782922264, 45.25025223958174, 45.90760387684594
13760, 16.174166949999556, 7.101970669423617, 47.664945078926316, 43.633156325016365
13763, 16.379434412011918, 7.007019909398448, 48.476032141867556, 42.451163757273484
13767, 13.01915236242013, 7.136648101291222, 29.69549838521871, 63.371926972340006
13779, 14.503096639773577, 7.262909817593547, 38.44988092660749, 52.33971484242106
13783, 14.059604300874945, 6.987146307743249, 34.58680442438064, 55.746885713842474
13784, 14.004540427202178, 7.171835642910029, 35.08826843620884, 55.39000876424189
13787, 15.731970280252686, 7.0115970701786114, 44.185168319690796, 46.57751813143485
1379, 14.967708513362858, 6.617898759353978, 38.486431065970336, 50.820757638866645
13791, 15.68954708282768, 7.02331508323789, 44.00135718299704, 46.73586886219291
13795, 15.768759588855056, 6.977713703461186, 44.24379232505643, 46.43460812859183
13799, 15.761591694387548, 7.0006730318898684, 44.281805441238625, 46.429604253331256
13803, 14.962871274314343, 6.983681158594504, 39.65018120746044, 51.42645628922479
13807, 15.529575052777803, 7.315269827888933, 42.92732508893783, 48.58970015246485
13810, 14.885637292937155, 7.013977133792989, 39.38493603246048, 51.662934303008804
13817, 14.87523376941151, 7.0563044940221715, 39.577126595224335, 51.525190092934324
13832, 15.430049499226195, 7.328529297191959, 42.48219131614654, 49.04808344640435
13835, 15.636959966537743, 7.637917501344476, 44.887483503864814, 47.839648996520815
13841, 15.415845974278179, 7.3359967478092125, 42.88015114676413, 48.106793861211344
13856, 14.07605629901157, 6.853575154458102, 34.14993074792243, 56.091297322253
13858, 13.866337537797458, 6.798127653605112, 33.103499498656895, 57.14568659247614
13859, 15.328830376158608, 7.307501057475828, 43.6130062418348, 47.40407412783665
13875, 14.104665626901467, 6.799371228502402, 34.0523389514744, 56.21197566442523
13877, 13.955751940947087, 6.716160889335862, 33.20331304852308, 56.90074432498488
13879, 12.05645527198881, 6.927260217756967, 25.14918618743001, 68.32497277064445
13881, 13.075928079338585, 6.821537254428752, 28.520280292568156, 63.09395938826658
13891, 15.446784503909123, 7.618284426003077, 44.65078931182943, 47.42704845212875
13892, 16.554951457074512, 7.185051522565092, 49.75687157700773, 41.58775656446742
13893, 15.411046727639128, 7.323051547687303, 43.350184217290725, 48.15354296975409
13894, 16.519743659429906, 7.327915079310853, 49.981104850900095, 41.830424625532494
13895, 15.189138721529437, 7.595070293912988, 42.90911174128498, 48.567309253053004
13896, 15.77093293186937, 7.267570395549333, 44.97364861713539, 46.594841658504734
139, 12.62371498761508, 6.882431401463807, 26.638998594283418, 65.42606600174041
13945, 12.16315431329556, 6.199402720331534, 23.376219577570495, 67.89428540795541
13948, 11.367132611684797, 5.797326856632065, 17.886510243141704, 73.87644431842347
13951, 12.221803316685303, 6.209469006566318, 23.635481261795633, 67.59881369641413
13963, 13.752419727495306, 6.533468456045294, 30.40325382121353, 59.24038906901343
13964, 13.739094675891673, 6.543390482867043, 30.395193977996527, 59.27185871453388
13976, 15.27914642180574, 7.617732360607724, 43.70466364845078, 48.29594223875322
13977, 16.63692536046086, 7.112659307142615, 50.611308791042006, 40.47791699691394
13978, 19.647096435496177, 5.88895860475316, 68.9664843640443, 22.212873369793858
13979, 16.45463201513602, 7.1507735323010415, 48.940377205435006, 42.447441357398766
13980, 15.914725169488316, 7.152363433947038, 46.033557046979865, 44.98154362416108
13981, 19.00491637357132, 6.271340505649122, 65.4720732006209, 25.317937964652376
13987, 12.861277707211077, 6.368851946428014, 25.901534247373714, 64.49812772281555
14006, 18.317398464017867, 6.8319012574069635, 60.74751557712189, 31.751250360904915
14007, 18.303096165337536, 6.844166150521017, 60.7186149589614, 31.807456347333645
14008, 16.727312499340908, 7.387121031045523, 51.52728038761323, 40.89089760039834
14011, 14.882333404334808, 6.9458967477114, 39.815995052816234, 49.2105960599215
14014, 13.932168274085905, 6.788709636848271, 33.6815572600258, 57.21473371208019
14016, 11.537222300549956, 6.206656741022695, 21.11583859456492, 70.64461524384664
14017, 14.350937969950943, 6.75797683424381, 35.57051331932664, 54.67408502580863
14018, 15.694122972406854, 6.951898703365846, 44.15944832226053, 46.30873289522688
14020, 16.966656094633997, 6.9538212859521, 51.69900465263674, 39.03173299915014
14021, 14.64880559448004, 7.662553049554308, 38.962794957909885, 53.7728442447769
14022, 13.755882601900716, 6.623049283375868, 31.578232401445376, 58.39106691661912
14025, 15.650072948140858, 6.826897736136686, 43.25549738219895, 46.01884816753927
14032, 15.53425468480875, 6.437828551440602, 40.60270352678118, 48.448013009452175
14046, 17.035356225957184, 6.626745544405938, 52.253239540910776, 37.74972232506479
14047, 17.46416903038459, 6.829896253025619, 54.898270411009854, 36.50065092058769
14050, 15.772095660137323, 6.760141209589374, 43.40041067761807, 45.21443238486359
14053, 17.37565219882314, 6.7970122383157205, 54.41210484298175, 36.76741600698356
14056, 16.993418135913377, 6.61694342443512, 52.05869486234587, 37.916614145788074
14058, 17.000490256042553, 6.614327294048844, 52.09198055623377, 37.870951989878584
14059, 17.3085642687748, 6.554749705407623, 54.023126092264974, 36.022599411074665
14060, 17.268149116015444, 6.561532275467306, 53.97319060706881, 36.17459858238102
14061, 17.140692669440263, 6.531514128408757, 53.078088914549646, 36.7277713625866
14062, 17.28693940534969, 6.635825487228175, 54.51176825588413, 36.002414001207
14063, 15.832680647160043, 6.842118257213555, 45.4794153817838, 43.76521571809823
14081, 13.517062838321728, 7.138004710540535, 32.28940984159521, 59.38558140138296
14086, 17.312819048238467, 6.750853488457613, 54.1437616387337, 36.9072625698324
14102, 15.308496549244433, 7.115952969034966, 43.187403188800765, 47.383622747865786
14103, 15.208188997391696, 7.152857616938469, 42.71498197755877, 47.90137353754775
14107, 12.493733000030074, 6.398671978534486, 24.81080920033369, 66.32254796806102
14108, 15.774325875249248, 6.9578964166274755, 45.444561523278075, 44.82717680058176
14112, 12.102950199012856, 6.9798062727250105, 26.61349513137936, 65.09272398101483
14113, 14.98820926357732, 6.211704969584172, 36.62478438137055, 49.645209346087505
14114, 14.472414056470162, 6.358680955435749, 34.252305632929456, 54.29285721316155
14115, 15.998804629231403, 6.1052691806075545, 43.716171488649195, 43.67041781862077
14116, 13.805896410454448, 7.483810364165892, 37.04130589602309, 55.68893136924172
14119, 14.828665108651178, 6.45681403394806, 35.939777453873226, 51.18916420775712
14123, 12.354025882936448, 6.396537950678249, 23.805466893853943, 67.46262209316278
14128, 16.345243544797075, 7.12130952516035, 49.24681658087239, 41.789487943646705
14131, 15.392910638056014, 7.254683833973451, 44.44488256246468, 47.05781843513005
14134, 12.516381943729025, 7.01816731754616, 28.182306632092878, 64.4193706636765
14136, 12.541503429047966, 7.056703544798049, 28.43132719618818, 64.07457093953832
14139, 17.13237275002461, 6.66570111160506, 53.32271829819757, 36.764537290618435
14140, 14.783665925919363, 6.912937105901924, 38.996216560083035, 50.56751598754479
14144, 17.219799012463806, 6.907578640633861, 53.61391259374192, 37.50969743987587
14147, 13.099759617492662, 7.3155544315645225, 31.2657156214857, 61.54963925146259
14151, 16.91973581855938, 6.683444270606939, 51.360469758038555, 39.069240377557726
14153, 16.802238857716528, 7.115939346692255, 51.135433050395804, 40.28935019692972
14161, 14.982608037757231, 6.790358350972825, 39.12505195390914, 50.9723118826328
14166, 14.960939703382417, 6.771208926369957, 39.40982827665784, 49.13459580533496
14170, 14.673758240031576, 6.765912058128278, 36.167244925885704, 53.83460903496924
14175, 14.18810353044982, 6.7803371670861825, 34.255274876191265, 55.60281326730201
14176, 16.217131983558634, 7.34026051429558, 47.895015906680804, 44.38096500530222
14177, 14.48814315166716, 6.705070371891666, 35.05326347201499, 55.3072625698324
14183, 16.037805776491368, 7.332214830798875, 46.772082369165325, 45.139424537783704
14187, 14.113587397333196, 6.817259492211281, 34.347541935952364, 56.32125481083436
14193, 14.94265048472398, 7.126534199078363, 40.403766682474085, 50.49793374432626
14197, 11.623808208834193, 7.236118379851023, 25.922926605989122, 67.85557100857349
14201, 12.210392991585792, 7.224017836295977, 27.738047126214617, 65.37576215494369
14205, 10.894197472973387, 6.802071042385461, 20.955114503816795, 72.98931297709925
14255, 15.827042134778019, 7.486451582655566, 47.3391654966339, 45.05238146668107
14270, 12.535947228787933, 6.885420575352625, 26.818404421538677, 63.86394906835196
14271, 11.57853077615568, 6.602000555868625, 21.278219395866454, 70.55189643424937
14272, 15.24831870120008, 6.789322223183641, 40.16967043277689, 49.64032995816881
14274, 15.777834446202538, 6.79551583284872, 43.78701875616979, 45.84875781507075
14278, 14.791725770862321, 7.053868533073765, 39.016171692894844, 50.79409171608352
14279, 14.83908241353499, 7.100988517749187, 40.354017501988864, 50.31353830314942
14281, 13.509656342220996, 6.980790160908182, 31.316484968615793, 60.102411628675256
14282, 10.360090755802068, 5.980203686044651, 15.865648471923855, 78.1647405641886
14289, 16.59489540013162, 6.897633586162738, 50.59242119460949, 39.72768391800286
14290, 15.70204076611402, 6.951789999132998, 45.1098244433357, 45.28967429771533
14294, 13.16391378460798, 6.713521782920513, 29.802731411229132, 60.77527934887571
14307, 11.521599407160943, 6.936040747381735, 22.660561880126707, 70.3733418173267
14308, 12.090655818234191, 7.0387062097004485, 25.588458618071375, 67.63097949886104
14314, 15.61349353452072, 6.715883745886648, 42.829264510125746, 46.50736006823733
14315, 15.613292003996623, 6.6767564201727545, 42.57078361818768, 46.73202192841019
14316, 15.359605964351914, 6.722189486613688, 41.57339391996432, 47.677125294453816
14317, 14.738754695599221, 6.78289941818662, 38.06855206568487, 52.328200927184376
14319, 17.1401434596011, 7.079244658690539, 54.34880501676146, 37.09868410080222
14332, 15.85558681056403, 6.793684769434926, 45.15962392809175, 43.88194372696904
14333, 14.995204750026991, 7.091652860906627, 40.79260101271055, 49.97416554717371
14336, 15.726230090325188, 7.051794584075237, 45.14472310919594, 45.796777960339355
14342, 14.20484251254746, 6.820635257832448, 35.31323975594305, 54.52105491281299
14349, 14.412101598639312, 7.23730894050542, 37.97573449642438, 53.585582394225874
14351, 12.587385559235395, 6.9542652701403895, 26.44070937923525, 65.58746191893802
14370, 16.37925874669281, 6.950589975097664, 48.43026749606146, 42.286141202839
14373, 19.67304892489078, 5.404540998789094, 70.57439420102848, 19.51839693352815
14377, 16.465248590917128, 6.946113132767935, 48.940213889962635, 41.763303697977065
14379, 19.712053165831325, 5.380775268796891, 70.7811703393191, 19.23941162031005
14387, 14.506295865873488, 6.661324803009807, 36.81106093549646, 53.77041868762892
14389, 14.067344055043163, 6.586503587466425, 34.09724142331497, 55.582023523406434
14392, 11.918838843851097, 6.345117020924399, 22.733439792524642, 68.83187052000912
14395, 11.054073506523176, 6.482018262155816, 20.501648845807935, 71.68681922654142
14397, 14.817415845364744, 7.169401714528231, 38.6578600501166, 51.55346977795159
14402, 14.664049399046288, 6.681330686586368, 34.03226113618618, 54.373535965263095
14404, 14.150256616585038, 7.0839661317479745, 35.2287166454892, 55.937391706133766
14409, 14.284642130880624, 7.0825139377733075, 35.957664098041036, 55.01191470925014
14414, 14.313302186045432, 7.13115680229477, 36.276726679451585, 55.0047227867304
1442, 14.719589738835746, 7.127058105715363, 39.72400352068402, 50.82463640554927
14425, 13.879754240841583, 7.1907485260695605, 35.100162850471875, 57.34691074616909
14429, 15.925246976475957, 6.8766581954848, 46.37264227547966, 43.87281627728928
14433, 12.793145752236716, 7.135556378794209, 30.809954033919794, 61.35784857610821
14435, 13.854122743825295, 7.105479852762377, 34.89592102581371, 56.67673930188663
14437, 17.32160936076128, 6.672000950690215, 54.09187709157286, 36.5492850623669
14439, 11.72051508392154, 6.896613192965459, 23.47138706844132, 68.27434439757931
14440, 11.20620716447685, 6.544049144335677, 19.939273123281097, 71.97150082138177
14441, 15.575020297435028, 6.903135849895192, 42.618481113482495, 47.65590695109623
14443, 15.907281434962755, 6.76920066402781, 43.82085555723509, 45.49979485629143
1445, 14.410574271697433, 5.884347301500575, 30.368890255149093, 56.861358745773124
14451, 17.535438286183556, 6.243159193027815, 56.62593364828842, 33.2286415582359
14477, 13.801144873473103, 7.153134239424897, 34.56772146563154, 57.403646452028234
14478, 14.429311338179584, 6.907291691707015, 35.983705255915055, 54.67027382050761
1448, 12.561140069167285, 7.4747550956654685, 29.327146171693734, 64.0139211136891
14489, 15.31314256479528, 6.594557300576763, 40.07036293333776, 48.069168091073536
1449, 13.499467515594384, 5.9312950493892505, 25.613864691777703, 61.817464412541355
14496, 13.684715187490246, 6.612030747299068, 32.03631080475842, 58.21854210589559
14504, 15.926459675734664, 7.053443881659431, 46.35947966756539, 44.41726658698613
1451, 14.289938911138224, 7.027287159141403, 36.44187540141298, 55.165061014772
14513, 11.974610993275498, 6.950430614731881, 23.96263492153903, 68.46751915245066
14521, 11.382533122305382, 6.850246465202099, 22.350291467938526, 71.4820023643553
14522, 12.476765110395668, 7.0782700655555235, 27.136666044281093, 65.84184199923348
14525, 12.994036034275245, 6.766076848710465, 27.910826510180208, 63.812176602367124
14529, 15.077131377335554, 7.044041594018529, 41.43980165094108, 49.25176359468315
1453, 10.65581975537922, 5.1764220453854115, 12.385105669238511, 80.37906742703791
14531, 16.833690024207208, 6.507513921574093, 50.10784198804361, 37.73883483765092
14533, 14.598261842409164, 7.342285669651214, 39.62979820967987, 52.64754968896981
14547, 17.534203913973393, 6.669075908571193, 56.17176397899289, 34.50725980846463
14549, 15.186344846942017, 6.518676933164181, 39.759544254089406, 48.25016247009859
14550, 14.510339501765216, 6.755531816366815, 36.71304006341495, 53.16092998901875
14552, 14.717418546274029, 6.91563700340248, 38.380963558476616, 51.80740566868142
1457, 10.456440652859188, 5.242361009409879, 12.532084188911705, 80.64681724845995
14571, 10.066487691304546, 6.481234067870351, 15.870161014045905, 78.77575490627906
14572, 14.681884718637862, 6.931969077991031, 38.304160036371904, 51.99590816094567
1461, 14.094795200868834, 6.148014414537983, 31.450990912444247, 57.382381543207806
1464, 11.842410962601459, 6.969247660499844, 24.40917442818222, 68.9507698156244
1465, 15.527616657314882, 5.8823582694913155, 37.67317037789222, 50.025386233408284
1470, 12.845471522517121, 6.629544398348664, 27.181350616011784, 61.57767714293462
14711, 16.605700969040775, 7.240734284999979, 50.457833340301875, 41.26144583350755
14717, 17.665382953410845, 6.858376909984653, 56.277599695142456, 34.71565309004506
14718, 17.81987958707573, 6.8726226876065155, 57.771559908064354, 33.80433696412511
14727, 16.4203589469696, 7.313005847626613, 49.780991302525415, 41.877816200356285
1473, 10.202706591409276, 6.726520047500987, 19.859344894026975, 74.5539499036609
14733, 17.77554781266424, 6.882202956280746, 56.995644560190385, 34.403484351847695
14734, 17.798907830101374, 6.868078222227033, 57.63277208540556, 33.94651167435636
14744, 17.623388782338807, 6.895895595654397, 56.005543371500075, 35.79914696661868
14747, 15.896220002454877, 7.122830913457239, 46.00569729997523, 45.168441912311124
14758, 13.809897688319989, 6.535604332664997, 31.406801142176548, 57.980729588175116
14759, 14.430887977357418, 6.955089550105492, 36.60264860977948, 54.17365771812081
14761, 14.52388678358481, 6.957313718223765, 36.876064551517075, 53.83094200178989
14762, 9.564992875481412, 5.827831882990527, 13.48192625752235, 80.59133371754835
14764, 13.590082657993795, 7.007676765411931, 32.70332187857961, 59.05344620456514
14765, 13.671966949834877, 7.0423531127688355, 33.1512452026781, 58.70381264532033
14766, 13.73598728464663, 7.0861807550772165, 33.345930964978585, 58.60558215055569
14767, 13.71678271269429, 7.0804487055890215, 33.44241661422278, 58.53436822599818
14774, 13.90113437286372, 7.425400003935436, 35.466543246237784, 56.68924699513332
14776, 14.970516952396588, 7.030175308706758, 41.17245258759241, 49.09434265509483
14777, 15.754682577207456, 6.613595508862593, 43.71654409925459, 45.32909767038538
14785, 15.706481535386418, 6.990801025486523, 45.12876321002559, 44.87880359465733
14790, 16.056271287547244, 6.716520707673348, 46.2774970973107, 43.0406062698089
14799, 15.19763744970842, 7.136000324671137, 43.33978056876441, 46.90490468508492
14803, 14.664531260460844, 6.990428443985726, 38.98195497560689, 51.33133486157644
14804, 13.71641730994132, 7.592990988342778, 37.02393075356415, 55.236761710794305
14806, 15.131804268839144, 7.015418433108326, 41.56406495017452, 48.37169305478274
14808, 15.07752946502995, 6.9332825049763365, 40.65511754285886, 49.027731908207485
14814, 14.925715720620406, 6.920692623829626, 40.081447413740705, 49.41345705776283
14816, 14.54090840350398, 7.157472267030969, 38.98338914639285, 51.64888780466168
14818, 14.363154574951436, 7.066990034583365, 37.37113036572741, 53.867861650382174
14819, 15.902615247824285, 6.863554029200923, 45.38756471191053, 44.86986942770818
14838, 15.41582703422728, 6.577326974109871, 39.48558377657536, 48.79289995248241
14842, 13.13980493995657, 7.493426288561432, 32.19042025806228, 61.437479488021005
14877, 13.90801026877893, 7.093046371065433, 35.401400687374355, 55.56059918293237
14878, 14.752428034340062, 6.951788215624499, 38.617407856030454, 51.237238276518426
14879, 16.83409111684336, 6.999442113787259, 50.16004676148857, 39.9309711359145
14880, 13.234882829307512, 6.967967570897739, 30.463778639811967, 60.81576885593625
14881, 14.673532692322466, 7.059717667322254, 38.625313378409174, 51.99612550330471
14888, 16.298243521475424, 6.99677161615507, 47.03620858381099, 43.219628128058154
14889, 20.823021212131167, 5.842243100114737, 75.12065530219172, 18.653973876466683
14890, 14.344363789209243, 7.288148974420691, 37.57946379215036, 54.87032430440391
14891, 14.417609060081537, 7.2640919388112035, 37.815461005830905, 54.56678206997084
14892, 13.083525799279546, 7.354916706813203, 31.807461406518012, 60.44811320754717
14895, 13.041157194421638, 7.522520575395184, 32.011021646599694, 61.0650684564334
14897, 12.332275648541144, 6.531205251683825, 24.130762878377993, 66.28413588860096
14923, 13.420655814186391, 6.686743733175023, 31.31051175656985, 59.86053480866759
14933, 14.313136796913554, 7.1692831389874705, 37.17683091613368, 54.139266732726774
1494, 11.82495172230919, 7.546649053189461, 28.300332460501927, 65.78795100375612
14946, 14.824193411555934, 7.095150409987092, 38.99229093535899, 52.782825603575745
14949, 14.415805408155578, 7.391898234049677, 38.47248955047094, 53.976515608806075
1495, 16.469247133488643, 7.649791366493852, 50.78125, 42.72234824780976
14952, 15.355344111165076, 7.149308520227436, 42.119133695982704, 49.24710837810139
14954, 13.378321536115743, 7.114875629130541, 31.715384039340005, 60.77107411197923
14955, 16.287645645606016, 7.0018702334976455, 47.56849081095853, 43.465190954430554
14956, 13.929218151867284, 7.4833325298007045, 36.08516158000424, 56.042256507477205
14957, 14.141863959855863, 7.08345544380728, 34.80627296504548, 56.29149591791352
14958, 11.668859337663159, 7.262446064563638, 25.614829155983465, 67.8287373763801
14959, 16.75758014075721, 7.202221680282269, 50.333949126048026, 40.754582918857466
1496, 14.781056484703761, 8.113078339215937, 42.433589081235304, 52.56968809037282
14960, 16.89185416308212, 7.190530877647084, 51.42531519338984, 39.29624617137973
14966, 12.96598514697811, 7.127838700697598, 30.5738186087467, 62.522747285001465
14971, 10.425006351752746, 6.731645862024226, 18.985433574646358, 74.63408648705499
14972, 10.277275988552866, 6.767876770185467, 18.68459012368413, 74.95933462234909
14987, 9.893970306468713, 6.397681682185339, 16.418691224954074, 77.80629934670739
14989, 10.367691114398596, 6.49462660014813, 18.375810039655676, 75.57549085985104
14991, 13.543116847955414, 7.660926413625382, 34.86962190352021, 58.79889178617992
14992, 12.834497838988996, 6.61837603723032, 26.087172976875017, 64.30687277524706
15009, 16.208398433684394, 6.625118444123823, 45.89684037354236, 42.63681230947888
15013, 17.128767082130974, 6.777280605832454, 51.735276557309284, 37.88827482739088
15015, 16.16164613929329, 6.640334403844989, 45.64643799472295, 42.93009739430712
15018, 14.466767579977045, 6.908772058423794, 35.96132596685083, 54.64779005524862
15019, 18.157809702168773, 6.909488874863863, 58.598075990711685, 33.13684962617061
15022, 18.24769340911331, 6.710550664474286, 60.70562545228332, 31.444640522046036
15024, 16.969378255431323, 7.12034970998415, 51.44300241738355, 40.12451551041906
15025, 18.4288526158083, 6.687789347341569, 60.66064178785555, 30.676604783871092
15028, 17.35386271247098, 6.753997676460315, 54.98387440862375, 36.35599282191574
15029, 10.29661125406106, 6.327918939579322, 17.27068305931139, 75.90456443652718
15030, 11.088248949896975, 6.915750539251152, 21.98895966029724, 72.34649681528663
15040, 12.1849209864648, 6.416420194400054, 24.05849902458561, 67.84491557174786
15044, 12.499589523963134, 6.522853403282469, 25.80973879393744, 65.79039019671073
15051, 12.047079628837853, 6.907776050947489, 24.5739097348896, 67.9047437863002
15052, 13.001769473710914, 6.506706757001022, 27.118684404674077, 62.24565077702944
15055, 13.492226520126318, 6.942346254851298, 30.64259083266321, 59.3128152642737
15061, 13.512416396123475, 6.779260028744549, 32.57872853901342, 57.905643796807574
15063, 13.565136193488778, 6.827320914475021, 30.92911817785799, 59.91038645839816
15068, 15.347695260357737, 6.685784059265284, 39.74389625790163, 49.04319718458022
15069, 15.970154632493374, 6.609487509237574, 44.086791102405215, 45.19993219445125
15080, 15.40733339170036, 6.582698585136835, 40.04020119650954, 48.66154784132912
15081, 15.89545904343565, 6.6265167997498455, 43.87019117743861, 45.53934982744191
15084, 13.322002597159864, 6.8740544236965695, 30.621984128039138, 61.07248727185718
15096, 14.165980344824508, 6.80050299108693, 35.21386140837478, 55.6589895904686
15109, 13.660264792307926, 6.876807528450662, 32.58525211308657, 58.91307759567742
15116, 11.754861159472732, 6.373454958077537, 22.2572145147465, 68.18502174672211
15118, 16.214381424936764, 6.677931463386386, 46.25883987203233, 42.65659201885839
15119, 11.657792547295108, 6.677831481037611, 23.331250244112017, 68.88841151427567
15120, 12.989557074403425, 7.508352490968141, 31.91552964789785, 61.51645207439199
15121, 13.03542972919231, 7.505066480750929, 32.134287518417175, 61.32182698379288
15124, 14.33975420060788, 7.039842918551135, 36.81326039702898, 53.63908891429984
15125, 15.463606796393808, 6.776260222902278, 43.4854274368772, 46.510184204047995
15126, 14.958447795625446, 7.325941075999342, 41.07845870741092, 51.06005687838064
15130, 12.586921852865688, 6.973062604312467, 28.152861238757314, 63.599230195200505
15131, 12.61633568289828, 6.971454637627587, 28.25641025641026, 63.45167652859961
15133, 14.690049745405721, 6.548464809144479, 36.151053391804496, 52.38721095163116
15136, 12.200530198083705, 6.961113559387345, 26.3632242753913, 66.55067594592433
15141, 10.244746047951793, 6.282976412987888, 17.02452737940026, 76.40360169491525
15147, 12.16284527736365, 7.021491875092135, 26.537162676077763, 65.95728497976818
15150, 13.841818947439759, 6.511289192945318, 32.41313443696562, 57.209614335091864
15166, 12.854439819390446, 7.018693161487768, 29.7810779138623, 60.76099017909922
15173, 15.892367727453244, 6.872053341590997, 45.064343828176064, 45.07448558743323
15177, 15.285231802285612, 6.780816748229646, 40.34748676019697, 50.253646752764105
15179, 15.12907737768317, 7.124255212698172, 40.4562402277192, 50.98424407649441
15184, 12.447426493506235, 7.1450908045963075, 28.587069677280397, 64.56725419104713
15185, 12.631096126602664, 6.790759341856813, 26.96182715851162, 64.12582453605212
15186, 11.872475374699818, 7.375631377065408, 26.9377269030095, 67.13551689249509
15187, 12.623650520878751, 7.247538265810842, 29.603628000148387, 63.33234410357236
15188, 11.863699451613405, 7.400243621994633, 26.94995390882869, 67.03143120520978
15191, 14.797297076815475, 7.202228848967456, 40.26975193351468, 50.76024418065357
15192, 13.725207302979523, 7.082865053818322, 34.35210120874303, 56.79213377591282
15193, 11.939222345005634, 6.781435485876405, 24.732986706964116, 67.86491816714903
15195, 12.734992944957666, 6.618991837137795, 27.57631397750746, 63.861474511004005
15199, 12.233987258597622, 6.536837574223651, 24.46999347684279, 67.04174820613177
15200, 14.708778420139556, 7.3145882182330455, 39.200339694963105, 52.51730034313782
15202, 14.927081279574029, 6.439082712574228, 34.21212225235431, 53.01111072969231
15203, 12.931915780786497, 7.2587790022385, 30.03337041156841, 62.716907675194655
15204, 13.866529255806997, 7.46081764255773, 35.112706961899065, 57.800385663940425
15206, 12.88570188154646, 6.583326437955359, 27.133368048058728, 65.36698121594677
15216, 16.274213610268635, 6.991272303287827, 47.13021963914758, 43.650071190159416
15218, 15.70167577918364, 6.944294536075968, 42.75319185121296, 47.441052490919475
15220, 16.75585401398626, 6.923912684540565, 50.527772565209226, 39.70960780634265
15222, 15.503446709756714, 7.033188019646553, 42.130000728703635, 48.50737205178654
15230, 16.464029468327357, 6.72225336299889, 48.50599593055976, 40.64331789254946
15237, 14.758238502370261, 7.34879544835472, 39.13634207929041, 52.8564287270723
15238, 16.496688645330877, 6.693530681947069, 48.636355653899514, 40.634494143266075
15240, 16.730003990990575, 6.709680350588622, 49.42362731715909, 40.023777024349435
15247, 12.275155216212296, 6.766637956136105, 24.914519559540153, 66.88070430498344
1527, 17.701561384044734, 6.750161973749215, 56.8046839308471, 34.51994517781144
15287, 12.620105428211476, 6.701036500046499, 27.332095201566503, 64.1449825383047
15288, 11.342129851055779, 6.374489373790892, 20.221041901389558, 72.7217125382263
15290, 14.99294275866379, 6.572209343897863, 38.1466088955699, 51.033468918560445
15292, 14.953696441633925, 6.686931695712781, 39.35011331413744, 50.480079703084115
15293, 16.622427692946385, 6.203222836437252, 49.07149032095685, 39.09261022290798
153, 12.394060067931356, 6.649343904221023, 25.729372007885104, 65.74626865671642
15302, 15.130225298875713, 7.222028590589485, 41.44264511767168, 49.84707511026689
15304, 14.700526025133033, 7.404229708846388, 39.287750764605256, 52.572011127814356
15306, 15.032096341508208, 6.980384973588397, 39.63459315106414, 51.052742993926174
15308, 14.031850839578787, 7.336573582885823, 35.97591188016923, 56.87959751495979
15320, 17.548012926383365, 6.5435127690491255, 56.879456563014216, 33.94582507067213
15328, 16.614251346316514, 6.747405195404296, 50.19400191719542, 40.35353996439494
15333, 17.54049556943256, 6.523174612625527, 56.78658589732415, 33.90569162381243
15338, 16.04255328070673, 7.177493398569055, 47.63630853866058, 44.110585328329336
15343, 11.952390869156478, 5.94716194616408, 19.349058584727373, 69.63533282004619
15348, 13.380060225702525, 6.980027099947851, 31.779296328172794, 58.776195858436076
15352, 12.18224822808298, 6.977862261218387, 25.69042473474441, 67.41238692021156
15353, 15.764128232486243, 6.886577759314017, 45.433625315489195, 44.56298118729984
15355, 15.597935597459582, 6.774858432258076, 44.126748063038214, 46.072105351531576
15360, 16.03200438296855, 6.855622128006885, 46.53618719930888, 43.691258173585354
15361, 16.555357676385558, 6.7254111448060945, 49.050614221592255, 40.38064020789038
15362, 18.10810297342762, 6.445092008167124, 59.75481247309913, 30.694450628552772
15363, 18.45256421127235, 6.340135989888466, 62.44267331581994, 28.548317675171052
15364, 10.63954626980541, 5.859138002158, 15.898478686549177, 76.98147311342069
15365, 10.683576385593705, 5.832531330658978, 15.9507816500497, 76.8818337901744
15366, 10.594235750069387, 5.8686080038747654, 15.788484430800075, 77.0738048994424
15367, 10.498059329028084, 4.456182240881357, 7.693810075194262, 83.52841059695038
15369, 17.120940143118787, 6.984902475321842, 52.91887136147908, 38.613861386138616
15370, 16.358219678510455, 6.8083552729974075, 47.5871642034784, 42.39133393211943
15372, 16.689595062654924, 6.820373468008828, 50.04060723433498, 40.316736427812835
15375, 16.49327188243996, 6.735065045520687, 47.58507519436467, 41.943746810618265
15376, 12.86987661516038, 7.798933541741326, 33.429300073718395, 60.94618557111833
15377, 14.608601677799266, 7.0874154378010195, 36.85154606338482, 54.12185779066746
15378, 15.345096847871721, 6.907498837276936, 40.74942046396724, 49.16326841401716
15379, 14.754114458467606, 6.984948326695534, 37.1588805401285, 53.39976042687575
15380, 15.07605744335728, 7.001799707224307, 39.2300731550429, 51.44620215213196
15382, 12.508522225653307, 7.447957953324517, 30.143144637756425, 63.30823162814853
15384, 14.401381206938463, 6.791988408487943, 35.27308296719156, 55.07841313620474
15386, 16.51573924703292, 6.896442623430771, 48.18395037373139, 41.88641195940466
15387, 15.418014604697706, 6.652974817684957, 43.142608911505526, 46.62612221256878
15393, 16.983520566975617, 6.844937801194808, 51.01621098475684, 39.20110859380156
15394, 14.03488207549542, 6.622792535567743, 32.3480466768138, 55.35362760020295
154, 11.990631128671525, 6.830082960364548, 24.841968911917096, 67.87046632124353
15401, 14.35464152690262, 7.120476775745215, 36.67030521852303, 55.380158696838656
15402, 13.987613837671136, 6.693249518650828, 33.03818959403409, 56.92763963809073
15403, 12.305350589581197, 6.900432391249777, 26.82503770739065, 65.83584715937657
15404, 14.563105417147517, 6.7945514371615765, 36.510941167562656, 53.790918957118706
15405, 12.816667982549083, 7.275293009153487, 30.719885371718437, 61.33271846898778
15406, 14.757957306168418, 7.012892482401567, 37.948027201944875, 52.71773054305332
15409, 17.017504250294866, 6.76088552463523, 50.492727344396705, 39.2644566202846
15410, 14.099397856729437, 6.409427423152473, 31.503105128109777, 56.111710237625964
15411, 16.86768185571693, 6.862772088641925, 51.18933333333333, 39.34755555555556
15413, 16.58734266353917, 6.91236947091195, 49.1092582879673, 41.45159248340598
15415, 16.5115619294237, 6.897063894399482, 48.88912879196805, 41.65605095541402
15417, 16.272453571078906, 6.808238140109179, 47.401825744071736, 42.62140117755091
15419, 16.063418350191935, 6.722736607836781, 45.91882123992216, 43.5279399499583
15420, 16.561977471213453, 6.812291516776509, 49.30375265518055, 41.024309653056406
15431, 16.539951070259747, 6.840540867128871, 49.025615545986525, 41.33543115822016
15432, 16.908383806767738, 6.753750548734984, 51.31921438712731, 38.89907714150497
15435, 16.609654952067473, 6.743682930408719, 49.51071066292738, 40.65576705054001
15436, 16.354634937024603, 6.758579669900617, 48.01825663340112, 42.028094404767536
1544, 13.937305078401, 6.674673950946582, 33.7606113161292, 56.074693233533715
15457, 14.220168285599161, 6.707455496545377, 34.45002282062985, 55.461954749951104
15459, 16.758005420057533, 6.825003137210283, 50.702281974173005, 40.403325667787016
15460, 13.17101160381604, 7.054301610216778, 30.080462388929526, 62.029187102034946
15462, 14.560531781828049, 6.997115570972653, 36.53672839897945, 54.80890062324673
15482, 9.630212457861095, 5.830296481660979, 13.044690304033452, 80.70737869152366
15484, 10.13947285168953, 6.085471461434868, 15.30840468285864, 77.84553555827364
156, 14.199610950693847, 6.950474875488398, 34.82317365490283, 54.95445661393222
15605, 17.598405377698366, 6.9463801719880856, 57.07522770718543, 35.03991903744518
1573, 9.704932404190464, 6.157087973293887, 15.190651102599967, 80.00810446922263
1575, 14.08185243153383, 7.120412059261909, 35.75244059679499, 54.92148646159514
1576, 13.428298022013298, 7.946570526371867, 36.043668900260315, 57.95037265052013
1578, 15.291160693748006, 7.3159520986450595, 40.600272163701426, 51.66406263125178
1588, 12.807779212563736, 6.3786308210895335, 28.131572797382564, 60.20828464594531
1594, 17.735708530975877, 6.621136751473051, 56.25346878695012, 33.63818440674694
1595, 14.144800410665818, 7.018359093749587, 35.4126867752295, 55.02628019124132
1599, 16.38497704570532, 6.74147032471507, 47.36388665180829, 42.35480306407207
1601, 12.712743623404222, 6.653652321296744, 26.603097549699488, 65.15487748497458
1602, 14.44365652723947, 6.8235011859024866, 34.16604754829123, 54.711877786032694
1624, 13.28004589118521, 6.909095978864222, 31.323299243155162, 60.260286014450806
1627, 14.694496107856963, 7.132920220558701, 38.44147271139882, 53.08660377760269
1632, 11.078121237816529, 6.822930934569457, 22.498906696164433, 71.29884495665372
1636, 12.546530989059203, 6.711537849981739, 25.154698275135306, 67.19722133234416
1637, 13.953620557714435, 6.576466154646277, 31.984912621679047, 57.45392255365408
1638, 12.030565677644823, 6.157913862622721, 21.814232870668885, 68.88044252893066
1639, 18.5997423043606, 5.982775342797091, 62.14266483497518, 26.263142271343465
1640, 16.011261037367, 7.154494620441106, 46.33546963794524, 44.716485848727295
16468, 15.942686893947627, 6.756830768601416, 43.4678806745702, 46.00278535232366
16469, 16.147136010539093, 6.75351569607748, 44.325807716255795, 45.42582385905034
16495, 17.878763497543666, 6.750335585390248, 59.01237033972063, 32.27131993094297
16497, 14.39065502462576, 6.985179307710435, 37.828224247445455, 52.968793151063245
1654, 14.190696704244221, 7.6459387558575305, 38.38072873948069, 55.631832634855
1655, 13.930150225323501, 7.112184632345228, 35.40439498337209, 56.12189449431608
1656, 16.368749703344406, 7.083509894521313, 48.92569382273948, 42.201954640405845
1662, 11.90908577714162, 6.6180350137082735, 23.58231466050963, 67.93065887106535
1663, 13.952397537114622, 6.598291708587151, 33.68447649219646, 55.678218110435175
1664, 14.864635790911299, 6.994755005737164, 40.43385525707939, 50.042756465072394
1665, 17.102301124573962, 6.454846871612466, 53.51757726777194, 35.32301680565191
1675, 15.503652076911804, 6.64930423622907, 41.42414608298687, 47.45251487731312
1686, 13.898902598724424, 6.697673994786049, 32.69541011609148, 57.73468720673984
1689, 14.534843087957022, 6.768143061341666, 37.082999868302416, 51.95672214849408
1705, 14.958362584102057, 6.58554858217578, 40.49969364830826, 46.921732815939365
1706, 13.716789085147193, 7.281665021368627, 35.152542746099726, 56.2112587666663
1712, 15.482670085759771, 6.670208053095243, 42.14774628606196, 46.97662627389342
1715, 12.437974681077554, 6.9017630260697205, 27.328556806550665, 65.45712682008784
1718, 10.944791442180914, 6.355265263570336, 19.097100212506067, 74.48086608771314
1719, 10.431265508789439, 6.060875423344013, 15.694488136827989, 77.67935493484775
1723, 15.067759368929158, 7.355574999376361, 41.45212929257489, 49.89254857243103
1724, 11.783261246038558, 6.300724118632887, 21.60912981455064, 69.59201141226818
1725, 15.476805284001982, 7.408513977399616, 44.11821270594269, 47.8470842148001
1728, 16.175889250454222, 7.112732913596704, 47.264897840177625, 44.08459864983067
1733, 15.052626746096694, 7.05518749134526, 40.554832752759474, 49.83701962759335
1736, 16.77695066348567, 6.727199949077542, 49.20394499044734, 39.76316287715795
1748, 17.366621788689816, 7.08590393697968, 55.25550835067683, 36.85649907979153
1752, 17.42567463165569, 6.884505471159909, 54.55248990578735, 36.63189771197847
1755, 12.710499176445696, 6.687994585918355, 27.484499557130203, 63.968999114260406
1759, 12.781086417702957, 7.181967780962143, 32.136519010027364, 59.767281246994855
176, 10.219923716751627, 6.669559320296762, 18.437041335290303, 76.94985834727105
1764, 15.166596969443669, 7.013368030487606, 40.91252193071932, 49.4104206617977
1765, 15.573690494742776, 6.79884413036169, 42.86360574651399, 46.23349988438609
1768, 10.446156470460151, 5.87407398768849, 15.142595759914085, 78.0448271747345
1769, 14.821843014386431, 7.540871681645571, 41.79927964960241, 50.65400233465365
1776, 11.180680264855166, 7.021528319754253, 22.845408851293367, 71.4585631972539
178, 12.463152718354287, 7.564008903991444, 30.64697869191571, 63.29358739341754
1787, 16.527448640047425, 7.169498674558999, 50.00321178511017, 41.48769886302807
1788, 16.62388369330312, 7.147105076116445, 50.43905635648754, 41.06815203145479
179, 12.48049240911657, 7.300541733917337, 27.95764591771669, 65.67936271296038
1802, 14.73109902796879, 6.8739771784630355, 37.51084598698481, 52.551518438177865
1805, 11.367280130882955, 6.945694887853455, 22.75906547489281, 70.14570162052176
1809, 13.592019072464808, 6.138314881389599, 27.64063080490398, 59.61516288960914
1810, 14.156131782963055, 6.07059135459841, 32.905526774789784, 53.45325801161065
1817, 13.11959280007445, 7.054601618055285, 31.139939424803664, 60.500147417513205
18191, 13.963962196660857, 7.337046070850523, 35.528056775124796, 57.01269020268238
1827, 17.501004695652863, 6.51643787847795, 55.417023882424985, 33.96693202694428
1833, 13.392754850352413, 6.665250206724865, 28.441430227067865, 64.30656307679101
18392, 18.023576774542835, 7.155140122463064, 57.91024724262714, 34.698476673384036
18394, 17.098416977742268, 6.924160533093499, 51.86217697729052, 38.84103367267032
184, 15.138383893163216, 6.722242434465787, 39.54808492713797, 48.1992598461523
1840, 13.066415208698254, 7.235697226226678, 30.563780646689565, 62.34158474475897
1841, 11.40994285788119, 6.006458425898465, 18.78465237230754, 71.97389725724939
1842, 15.435946105747382, 7.010642928856659, 42.929859824062234, 48.09313738286043
1845, 12.491704685873513, 5.975808669565404, 21.195019781242728, 66.62787991622062
1848, 14.468082236515313, 6.9384307592995365, 35.869699898396654, 55.16566302381484
1849, 13.352130185502117, 7.100232353196618, 31.184956399856112, 60.927324824172956
1850, 14.023806527858072, 6.831645369375905, 33.59236096432879, 57.42953412326399
1851, 13.579281341018222, 7.21914027745562, 32.7987972939113, 59.17982126451182
1853, 12.865738368613139, 7.006772194965179, 30.25183178375716, 61.662459208176834
1854, 9.366712293174796, 6.094459064513334, 15.31909730647901, 78.49308420286339
1856, 14.018419081491675, 6.5947979033270245, 31.836782028130745, 56.84465134772453
1859, 14.199989967995277, 7.05824861810406, 36.96096184620568, 54.179651309694265
1860, 13.527626808993919, 7.117185529370947, 32.596250889297, 59.3438229016727
1865, 14.066220467608124, 6.781292556275059, 33.25314563472028, 56.50460831774128
1866, 12.157348183239305, 6.685812764647633, 25.137394625308556, 67.1754925248009
1867, 14.27001723930728, 6.686100100600416, 34.85319275215585, 55.04311699193521
1869, 16.517929873069306, 6.668740655624058, 48.56472119563954, 41.17797457174069
1872, 14.774523126202482, 6.6273445396378605, 37.30520891537841, 52.33128453467436
1873, 15.744392854449936, 6.8287921558939235, 43.74934632222205, 46.49852829117423
18743, 14.390170205803104, 6.41175833718642, 35.26679252782194, 53.48022655007949
18749, 15.753886688263153, 7.191528838415622, 44.261327879169286, 47.17589679043424
1877, 15.822650196164224, 6.866861964447702, 44.26653057318746, 45.66042550476859
1878, 14.566370028493319, 7.054643406661005, 38.27351147300607, 52.8553824075374
1880, 13.110154202772826, 6.653284926367282, 28.729421502805113, 61.28713326588798
1881, 11.81134384762194, 7.053962063527635, 24.519107463452166, 66.74422012970359
1885, 15.725766621399574, 7.085890907624091, 44.10105172437011, 46.42130920157826
1897, 12.233831232043329, 6.761752903311744, 26.179661575392437, 66.08222917794356
1910, 15.64227931990588, 6.043069249372131, 38.36418072945019, 47.1556886227545
1922, 14.311326034674304, 6.510036776648809, 34.13501853314699, 52.58552591602358
1925, 13.366096898782827, 6.756816914756579, 30.60724908530968, 57.029296412308184
1931, 18.172961025704772, 6.291030052708029, 58.7406908572334, 31.004397084455714
1934, 9.73199675589132, 6.396605754493991, 15.715230170022565, 79.49093835783785
1935, 11.232677729011554, 7.060954753730986, 23.21871701988077, 70.07615733477851
1938, 9.681374466483176, 6.392952138217652, 15.658938720387146, 79.6501322379157
1939, 11.215133147929146, 7.04505155579563, 23.07419743462547, 70.23598611012685
1943, 12.132530670795722, 7.572550206053767, 28.781993424021664, 65.23032041776804
1944, 12.099303026347217, 7.43045979569387, 27.813332050171624, 65.94168030025985
1946, 10.244121289719557, 6.190477377157304, 17.123662384839268, 75.365997767906
1948, 15.019266115462928, 6.852843917809236, 39.4339986766652, 50.1268195853551
195, 12.50856563330089, 6.676170046614708, 25.425246195165624, 66.00953720790017
1953, 13.942472368460754, 6.26648993382371, 31.087082210822846, 56.43060117356165
1956, 14.822047976575451, 6.489768819758959, 36.644826644826644, 51.40595140595141
1965, 13.328189259773453, 6.721878524288256, 28.865717192268566, 62.02102407595795
1966, 13.265450823809875, 6.814192453129507, 28.93378914438675, 62.49879059567195
1968, 14.795015400606417, 6.824904608095071, 35.885288892648674, 53.60121817105152
1972, 14.590207483018885, 6.791722700150294, 36.42764116516873, 53.881961547884615
1973, 14.043135582167347, 6.5469277445439715, 34.3558884587331, 55.17589631375189
1974, 14.612267893991017, 6.583976839133248, 35.87703072797924, 53.36029021665878
1975, 16.044268899820864, 6.794936038861286, 47.71678206396307, 42.695351137487634
1976, 15.252456142140126, 6.721988872042234, 40.787929787965346, 47.324381022364975
1977, 16.071556413392848, 6.604917696316676, 46.91209132376471, 42.60143768060564
1978, 15.631701237229628, 6.67931803923718, 43.08017584797659, 46.40891100596903
1979, 19.46495868200857, 5.770193972709783, 67.96523694223453, 23.23013951343249
1980, 14.222513005379302, 6.921379174807289, 35.40373475708528, 55.21531224487152
1981, 14.271544198649025, 6.897275327557836, 36.37695819068368, 53.823010685755776
1982, 14.738821054984781, 6.721336913311952, 36.9629217059198, 53.05405262041163
1983, 18.919595955178952, 6.226478030574328, 64.09817679875769, 27.81100822453557
1984, 12.427293204684965, 6.694579898639762, 25.752931769722814, 64.40065298507463
1986, 15.260785779317635, 6.90528210267136, 41.493998633835346, 47.048108512506914
1988, 14.546166664126924, 6.797935721283616, 36.354879768825896, 51.39495682686023
1989, 15.114094179898037, 6.714086259454014, 39.59011899771034, 48.14731207068915
1990, 13.445363725716577, 6.486746221676675, 28.46359307862037, 59.60150637888415
1991, 14.614693895678954, 6.763872089634431, 36.96523638831739, 51.905741616645805
1992, 10.794220926690764, 6.766517703022331, 20.713787149627123, 73.26145255501267
1993, 8.267788585966695, 5.5242534628472075, 10.066550700556466, 86.4016754506668
1994, 14.141592381231824, 6.48739130211702, 34.221234112169135, 53.23042073912496
1996, 12.835814611869, 6.297181615951125, 25.82041180694366, 64.60633817850142
2000, 15.948579681821245, 7.027661180013188, 45.27207247071549, 45.560922846220976
2001, 15.792456464450346, 7.027361310586361, 44.63681396831625, 46.3007013585757
2002, 16.049663236225772, 7.044454615120756, 46.04919660256646, 45.430255788015835
2003, 16.686081843260755, 7.595319845657903, 51.58111790264379, 41.54061418366595
2005, 15.81816432682513, 6.99693463679985, 44.424648422652986, 46.58281071835803
2006, 15.459132056211708, 7.002820914821677, 41.731319875960885, 49.374457922938916
2007, 16.84151747088059, 6.95854175596436, 51.46731430884436, 39.72879983808946
2008, 16.17247978945775, 7.789507890053131, 49.08493992735401, 44.30148086057558
201, 17.859418849459285, 6.47703298995681, 55.95431608407424, 32.688311871881496
2018, 15.86681492417678, 6.325772625456026, 42.155263848180375, 44.4430505343111
2019, 15.825689178715582, 6.325278486823973, 41.93930104921506, 44.78491654739499
202, 13.67846114978917, 6.633350486790294, 30.849213037214234, 58.50028542691712
2023, 15.690865625268186, 6.334111133867471, 41.13609252107807, 46.17460927232657
2024, 15.985781596826103, 6.662222933284644, 45.727192241136464, 43.80357358445008
203, 12.94179038451289, 6.560739862949986, 26.923008073322237, 64.11936344270805
2030, 11.375439138586392, 6.115665330294405, 19.30225548801929, 72.68799919626262
2038, 16.448951269824132, 6.665109811873893, 48.314037443315684, 41.30418260583183
2039, 12.657969366609809, 6.294723431634017, 23.86786344535148, 66.47073012809933
2041, 15.725773075011178, 6.617213562918501, 43.89183147869187, 45.727440594781086
2049, 15.541879746931233, 6.538908226412809, 42.65710498589539, 46.71515481086225
2057, 14.823249931979714, 7.05788888829061, 37.505288838076034, 53.40601172096541
2058, 15.579471568270487, 6.956534835921309, 42.19600120164225, 48.20921926633065
2059, 14.516719318341602, 6.832328409662492, 35.912443242959505, 54.05632398099788
2060, 14.288964339419463, 6.944210626962126, 34.89366549539524, 55.74083648057764
2061, 13.298045869927762, 7.183248532621708, 31.98813865503255, 60.06169262756058
2069, 14.952906792924233, 6.999371174786297, 40.03775434265696, 50.34759406821193
2070, 13.173080264454763, 7.458623231618944, 32.23951199176444, 60.43525978611355
2071, 13.373665243937099, 7.020601422559148, 30.99703377667209, 60.849838930883806
2072, 12.878409296194878, 6.85685113326186, 28.210194269433302, 63.185476006749816
2073, 14.403105587506197, 6.880476626311661, 35.464583757378385, 54.94775764977271
2075, 16.70992560301534, 6.897536143278512, 50.267987486965595, 40.307612095933266
2077, 12.282621721243904, 7.321116733676446, 28.370690912627023, 63.986969417027275
2097, 14.262414980367616, 7.198207016177, 36.507350225308414, 55.536677254930936
2103, 11.22294391418721, 6.298953289457255, 20.01437297879986, 71.8142952473839
2112, 15.404315444765897, 6.536103420592025, 39.95917563801017, 47.00604076219291
2113, 15.30535030053907, 6.571523026013421, 39.72730822185233, 48.13616094363274
2114, 11.59688836999854, 6.528437249425741, 23.146165711259986, 68.67877615857448
2118, 15.418395685517588, 6.476631794001559, 39.674307644435224, 47.551083912457216
2122, 15.546210418458143, 6.594795232485146, 40.10653775754447, 46.246538696203125
2123, 15.121457968907002, 6.7615459081548615, 39.20047116199294, 49.61666425575004
2127, 14.59390829675935, 6.491345827811403, 34.57235942768614, 52.88549166135059
2128, 18.601952364265507, 5.956137589453114, 62.20536228948885, 26.579320444312888
2130, 10.858696253306107, 6.488972500799164, 19.619021916360243, 72.85587378695364
2134, 13.555885739982621, 7.3663091886756495, 34.807253260555804, 58.01689978219224
2136, 12.779105775410084, 6.432962896282765, 27.397982310960245, 61.871580523081136
2137, 13.47036250672798, 7.620612203305621, 34.723325811270385, 57.999343143798534
2139, 14.516157687614278, 7.092078295501729, 37.3320197044335, 53.93628899835796
2140, 14.843343121765985, 7.217345824077279, 39.45563961034704, 52.08133939926317
2141, 15.0992658347907, 7.281378127727248, 41.088512043613875, 50.42984824260216
2142, 10.12865964827024, 5.602714961203754, 12.939252854450725, 78.82025274359827
2143, 14.843277892097703, 7.261302863705842, 39.60694493806684, 52.00542326475273
2144, 14.456355680691301, 7.3803143818681844, 37.96432899520523, 54.46546182622899
2145, 14.80910268064003, 7.273828212474415, 39.613603072172296, 52.17546221148898
2146, 10.007853888548784, 5.604535754818801, 12.898896510587536, 79.19637773499987
2147, 14.696700601943537, 7.16026693155964, 38.61447125276857, 52.691244118841986
2148, 14.460699264251089, 7.195659371882675, 37.21116374276679, 54.60497828397476
2149, 14.178897007985562, 7.177043790956279, 36.06037992747077, 55.429873139311105
2155, 16.55461435226994, 6.421575078501741, 47.77087458182563, 39.99863453266881
2156, 12.615540573046387, 6.410220452479583, 24.837490551776266, 65.01385739480978
2160, 14.400985556200744, 6.673074712537744, 36.200792826404935, 53.702329722510754
2161, 12.09191238762008, 6.829144077616371, 25.834369982881995, 65.94898620990293
2162, 14.287327229685847, 6.416555622433671, 34.29664707623356, 54.32434146547715
2165, 13.515985929692585, 7.076569792341879, 31.917094071212986, 59.83558116465101
2166, 14.81963231101017, 6.958347690493197, 38.288159165950034, 52.03044876899067
2171, 14.075952257173006, 7.142330145215675, 34.526789166310564, 57.170909386891324
2172, 14.97046860121614, 6.755365120356805, 38.65127856981218, 51.0203871711
2173, 14.62410791200504, 6.845788162212007, 36.26907290785475, 53.54199956136229
2174, 14.174704197384791, 6.618373987635055, 33.33436058635603, 56.22669419704768
2175, 15.684185209016846, 6.967966862371277, 44.43781215738824, 46.09331221829699
2177, 13.779166429524425, 6.254194506314092, 29.34101325405673, 59.69156447417316
2179, 17.12486003746505, 6.70629965721985, 52.5609483337061, 37.36300603891747
2180, 17.216586466711348, 6.9914394369047255, 54.20996715065516, 37.34811757378891
2181, 16.491752020458758, 7.068449094611681, 49.573171476374824, 41.785230145451436
2184, 17.264790706759893, 6.734624921801014, 54.30981843558015, 35.94900743953045
2185, 17.238758893494563, 7.193589974548321, 53.95345973898055, 38.57301157350406
2189, 12.924400698813482, 6.484645986814455, 28.135865511503816, 62.931895117333184
2190, 12.119816014129718, 6.462034871281966, 23.879839221493548, 68.5001057753332
2194, 11.389716672375242, 6.336343807695412, 21.582358082326106, 71.54398755089424
2195, 16.995288787348894, 6.949373386285153, 52.73899161265726, 38.49123141441098
2196, 16.994862368363417, 6.906054868569158, 52.390395668075804, 38.4778891369401
22206, 13.507053959613886, 6.897128089074503, 34.822061354662345, 56.17722992811582
22211, 15.64273857107669, 7.34815124830826, 45.43979303857009, 46.93320790216369
22212, 11.465886772836964, 6.7794306233514465, 23.01839403117382, 70.16571864765704
2224, 12.330497949661044, 6.855519364787996, 25.267634703386737, 67.8619453160018
2226, 12.006887714312054, 7.037224377530505, 24.66792423170636, 68.4036783777411
2227, 15.507581723386007, 6.678753522293018, 41.40957357719492, 47.847787492044354
2228, 13.295973827350661, 6.715602636950352, 28.429374036692685, 61.893302838959876
223, 15.248886711445182, 6.9486314826529085, 41.2877789366311, 49.0343950212605
2230, 11.994309979142484, 7.052734917192345, 24.76752903420973, 68.26163012455446
2231, 15.655662593933618, 6.64755459799529, 42.24734887766367, 47.173251262837454
22328, 19.048892831578286, 6.970986908076612, 67.11509881773617, 26.741787369962072
22330, 18.690167579141683, 6.790930593962681, 63.40020348580023, 29.047597982836415
22331, 17.886098465710123, 7.046742035552941, 57.94570654209726, 34.19892911442611
22333, 17.386796261489984, 6.79176944848801, 54.68825242495815, 35.579811506799054
22334, 13.716326525246867, 7.854886119844165, 37.61850246330765, 55.60772308048521
22335, 15.710289851124175, 7.063637919183323, 44.25202355661925, 46.43154865947777
22336, 16.95308473038842, 7.2557035293902254, 53.0622539504995, 39.16833898082048
22337, 16.943231449130547, 7.252943738782281, 52.962776218870566, 39.23294458084883
22338, 16.973879432942812, 7.228498114509213, 53.06220829590026, 39.098757587045604
22339, 15.336903340581738, 6.977116825229579, 41.844637143729294, 47.92144803337441
22340, 16.608347769479135, 7.289523712278972, 51.08960814935032, 40.008778107807416
22341, 12.703769581593386, 6.882017582065961, 26.14011083658985, 65.55305095923852
22342, 15.246993461171238, 6.530977583121724, 40.52013057671382, 48.49727965179543
2236, 12.87274063943807, 6.302040681564917, 24.58175845695455, 63.171581684758
2238, 11.916900878034705, 7.0119056838224205, 24.16518474609761, 68.99163538167687
22381, 16.97153886866044, 6.846673616714396, 52.291605793713735, 38.36770046333014
22383, 16.251780240891392, 7.026909911297803, 48.520229506813486, 41.68459688647007
22386, 15.565134989861694, 7.045820531933882, 44.02246932220957, 45.936712262159155
2239, 13.514124997337476, 5.8169108450793345, 26.901464317588335, 59.268502297292834
22435, 14.664677952730946, 6.860587183615034, 38.257456120561294, 51.77397765043842
22437, 13.40885380475194, 6.1814134128912945, 27.55371319244387, 60.01803267873244
22439, 13.030165714471696, 6.0925108411214985, 24.747838217872207, 62.09656882826427
2244, 9.95380019798182, 5.929121037828938, 14.544738774614085, 79.52895396285837
2245, 10.0824152671809, 5.96325604969032, 15.237811127939175, 78.48073186776202
2246, 8.622795933862143, 5.939589399746028, 12.375963410195135, 83.49581401237597
2247, 9.651873584528728, 6.003696476462445, 14.2844028275039, 80.2051776370146
2248, 17.520080488538127, 6.716735145769419, 55.34554046072061, 35.45747678483244
22483, 17.496454594362365, 6.514813357810867, 55.61870593041224, 34.70507788217324
22485, 16.36618016392437, 7.006708752016813, 47.401831357788886, 41.23504297511376
22486, 16.108356481119305, 7.107629209879689, 45.90094836670179, 43.33684580259923
2249, 15.906775037294597, 6.738176511448334, 45.47792234402213, 44.45855957381416
22492, 17.869482009934433, 7.074995782652334, 57.427438254912566, 34.45491771614
2253, 16.800902980168964, 6.74320273018292, 50.41006401245867, 39.77873734666842
2258, 17.792798165659388, 6.746679288711644, 57.33399923344057, 33.90050987816351
2260, 17.1927884153545, 6.9471681924971715, 54.13443476028795, 37.28866953691063
2265, 17.79448103315906, 6.79645511184319, 57.52129441951471, 34.11793652095464
2266, 16.99897080123989, 6.193751582576244, 50.48953883570827, 37.06619687568208
2268, 16.742670396568194, 6.9947468975147, 51.316548838551434, 39.79103544462079
2269, 16.86364691525113, 7.008709271734924, 52.04357319976807, 39.20971144475012
2270, 17.347975678940234, 6.733798930674269, 54.49757265411984, 36.43944935824965
22728, 11.938868565454346, 6.14995215238802, 21.426023502074013, 68.16620634127946
22730, 12.322599920993557, 6.1667859556114655, 23.341042125413562, 65.5461255020858
22740, 11.6425370802322, 5.999188323507966, 19.789234361558314, 71.07041907336857
22751, 13.608134251644218, 6.411974698177486, 29.511289823693165, 59.3246726466646
2276, 15.58322760542003, 7.333261566609107, 43.617126254043086, 47.494106682747656
22768, 12.341975696064237, 6.20854293415212, 23.692178486971514, 65.22089862311313
2277, 16.183972163144347, 7.619819681072473, 48.37841372245592, 43.53000152568601
22784, 11.95222013340039, 6.16101385485102, 22.04335331521527, 67.88811879900653
2280, 15.380941627005921, 7.084244417985477, 43.45486215388312, 47.536788996336114
22804, 12.286967759295234, 7.176139197657004, 27.52266685534655, 65.4008268221928
2281, 15.10577482124062, 7.580891977647926, 41.91717774277512, 49.63638191628406
2282, 13.91685928607916, 7.749092438542106, 36.32490486070276, 56.81508027204847
22825, 11.928493915759843, 6.995724112666055, 25.64702457081657, 67.4059747741003
22838, 14.620238075421014, 6.881182855103755, 38.28264112806198, 51.872082390875406
2284, 14.631218159422529, 7.836934398343891, 40.65288140096084, 52.85483406761274
22844, 14.985824509335409, 7.370620466359365, 40.74915752854286, 52.52196651905581
2285, 12.001376259443617, 6.246301881283106, 21.843180118506584, 69.71034919173906
22855, 15.643892351972037, 7.335465051908219, 44.49891761110404, 48.048061705262775
2286, 10.346175050740497, 5.94737723941993, 15.44388174695927, 78.12116752514103
22866, 14.791474226908093, 7.516643005749177, 40.57543050697575, 52.7772733373864
2288, 12.322012143808049, 6.465460885735356, 24.14606789130619, 68.04050622195886
22886, 14.874311734934937, 7.238837166810756, 39.96454952914903, 52.782940046538506
2291, 15.394070430843904, 6.105180460736014, 37.60959609764303, 50.92723029372805
22922, 14.462736106405561, 7.633380157931611, 39.3251750497848, 54.35135221943855
22954, 15.261574731961806, 6.402106743160627, 37.88852795349633, 49.276799452897926
23, 14.42787159233402, 7.1691776818029656, 37.78530407892799, 53.59299072301575
2300, 11.702378376240858, 6.536537383337338, 22.129081208086543, 71.25532331489549
2301, 11.745942288652307, 6.527500720884592, 22.230432785444666, 71.09105070799465
2303, 10.561233117756917, 6.419700621600958, 18.523893020537315, 75.35320555454784
2307, 11.669872008076103, 6.518399762952057, 21.87691023936815, 71.56302455779475
23079, 14.401022141252557, 6.665803346391972, 35.051831375259155, 54.36189818014282
23080, 14.893252813897334, 6.684809174185568, 38.08731564576585, 51.28154940742407
23087, 13.791719798081694, 6.9532158763646645, 34.24550151434171, 56.23493081536909
2309, 13.149818771981364, 6.140475035938269, 25.131586787693404, 64.42290503902913
23091, 11.502579655666839, 6.059801578060395, 19.063296752023057, 72.27136681077486
23093, 12.523155857900907, 6.660501817554225, 25.499122360002264, 64.98159787101523
23099, 13.933966235548361, 6.597103057064933, 32.41694779575733, 56.93750357367489
2312, 12.037499741222648, 6.317001465397495, 22.112074767792926, 70.8015230476337
2314, 11.921018838910008, 6.364691318540733, 21.229139072847683, 71.72238410596027
23147, 13.360994613191977, 6.240596843170082, 27.6733657615961, 61.65676219149151
23150, 13.114799753985695, 6.655162921802472, 27.499306334672408, 61.449097028699654
23156, 14.08833509794794, 6.895808645411579, 36.001601431868494, 53.91055532005087
23181, 13.139007550661585, 6.346460274562809, 27.302635259889218, 62.3901975046159
23186, 12.678718078485474, 6.672075919164549, 26.336192463230557, 62.88153929371764
23193, 14.27145002333608, 7.146141444086442, 37.48929336188437, 52.57896145610278
2320, 12.93072706430756, 6.004786542553238, 22.962726062869464, 68.31044763801054
23203, 11.325179225098056, 7.021332034583573, 24.285883374102426, 69.89761698098319
2321, 13.1122344901296, 6.164208340714897, 25.884728050035626, 63.11060090254137
23213, 12.93129573854289, 7.235074028681905, 30.462609127908785, 62.586344383343175
23229, 12.243567849527558, 7.368506940886794, 28.23453620825972, 65.29004675497076
2323, 11.326261240308751, 6.455932158495406, 20.50097060591429, 73.07233723874936
23246, 12.386641675545182, 7.410231146092333, 29.027637956264986, 64.77120587838469
2326, 13.323846378291062, 6.17681174200723, 25.948972028244842, 63.510903912924746
23269, 13.074348030371615, 7.165715296437772, 30.596950641743476, 62.05899363794101
2327, 16.861411793196833, 6.352075017481151, 50.61916450281366, 38.08749595510761
23278, 14.9549210064468, 7.1622399748280765, 39.296804795650246, 51.83761218477358
2330, 16.458619260356198, 7.088194471597964, 49.57729196178033, 41.66358395062842
23317, 14.003265767847802, 6.634364882085387, 31.193850537440067, 58.54109741964979
23341, 14.009079034693121, 6.630025193547304, 31.015388577683346, 58.492692035284264
23344, 12.566051197684821, 5.955337264553333, 22.06213596086486, 64.49161035533196
23383, 12.677021350951453, 6.193193285642182, 25.403526705852286, 62.58522872476361
23384, 13.540622039930799, 6.387480812757536, 30.925968085766915, 57.40008692592669
23395, 15.151633188416003, 6.74001246221146, 40.90982827744432, 48.836643414984586
23399, 16.631041955459086, 6.679852547420912, 50.540634809905825, 39.875506425907545
23409, 16.949751937786377, 6.8622305332, 50.67055463845477, 39.71514983552433
23417, 13.11686155011521, 6.409937016368649, 27.07871307813454, 62.93510751132967
2342, 18.699753400090863, 5.9831818869998745, 63.54316177978265, 26.359881660271245
2343, 16.819015533735232, 6.972668070082901, 50.632955688727534, 40.540658763833605
23435, 14.532790278360112, 6.641310160696319, 35.53937400904339, 54.07833695460684
23444, 14.816736093585805, 6.732479789635915, 39.480903425131835, 50.70047408512225
23448, 12.933472670396194, 6.911711465643421, 29.061737637628593, 61.815083964736104
23451, 11.114480724101591, 6.219383781551344, 18.56053435733795, 74.12855945266233
23461, 10.680053322595974, 6.003929843416905, 15.655800465927047, 74.9279116367724
23516, 14.13768199201709, 6.869320701371397, 34.55866051539753, 55.38464786799404
23517, 13.966943207850745, 6.858373544730212, 33.95520026997954, 55.971188120900216
23520, 15.548909339981291, 6.971648592215281, 42.2665063276642, 48.114107923419034
23522, 16.500859168493992, 7.201962428291148, 49.420901246404604, 41.99808245445829
23534, 15.502301514880154, 6.975481825783093, 42.02523675410757, 48.37952130148817
23536, 16.462785152608973, 7.198859702066011, 49.25856164383562, 42.20462328767123
23553, 14.050534647848632, 6.765986358915645, 33.827562481224135, 55.62209882644804
23556, 13.89769133321223, 6.863753347538669, 33.770948089612084, 56.01144480993441
23562, 12.371080957939197, 6.86431938802671, 26.102261531819742, 65.62205962119619
23566, 11.812941596571156, 6.762466122955523, 23.634579744903522, 68.97852392892183
23573, 16.46592896187511, 7.118840018679873, 51.42490607532301, 40.43699155950599
23585, 17.134282125529882, 7.325104930768415, 54.31623217742491, 37.9376418681891
23588, 14.70455113635117, 6.36668706080239, 34.19185372177117, 54.1174865252098
2359, 16.59937759218382, 7.062826031032976, 48.97253616950376, 42.7258337730138
23592, 12.479741636351402, 6.9010274037773796, 26.139396021030937, 66.31879309889297
23593, 15.08882751539076, 7.209985994200289, 41.661852841360385, 48.98368113221171
23594, 16.005680345540522, 6.946834003884182, 45.78174214092964, 44.67630955583129
2361, 14.887741803909323, 7.56664827261063, 41.978079921660196, 50.70242175435954
2362, 13.934269463657104, 7.003716731443219, 33.80707500333447, 56.9016109192762
2363, 14.738223242699384, 7.233460601116678, 39.705402285122815, 51.13022015207612
2364, 15.491889810134799, 7.1585045535461065, 43.434906340325306, 47.00222167732923
2365, 14.708923805809416, 6.983292368737373, 38.565866320571054, 51.82916937053861
2366, 15.050677938917222, 7.3323261158099555, 41.32109600053594, 49.70634867466113
23674, 14.163607085007545, 7.114144220524207, 35.238390426650135, 54.793412931568874
23676, 14.425626481805812, 7.449361810112384, 38.3752553709222, 53.929133755806845
2368, 15.327063726314059, 7.380960291397823, 43.35433872167208, 47.82104974754394
2369, 12.091701078574392, 6.999214113084896, 25.31432420296363, 67.83509205208802
2371, 14.132696076464125, 6.749408528946419, 34.40872676701097, 55.53607903924438
23711, 10.402679899858889, 6.658220624625673, 18.766960130646726, 75.55776574452672
23712, 10.27718903370675, 6.6743923700533045, 18.51639644032671, 75.98073875411436
23713, 14.768989231600154, 7.327235060184104, 39.758354413526824, 52.67441086406603
23714, 14.061428083392991, 7.14053125256483, 36.538180908503406, 55.42850591006692
23716, 14.513287233683709, 7.22751555018551, 39.39848690270433, 52.746240543141894
23717, 14.371463553749976, 7.263936553698639, 37.41817311394882, 54.69834629034105
23718, 13.55036195359339, 7.654840178725546, 35.39372728496433, 58.6987930183515
23720, 13.081856653986334, 7.21083264951493, 31.20516627609524, 61.12949678896621
2376, 15.408671819734653, 6.539073115690643, 42.2097340402479, 46.697533985351264
23768, 16.392000645634905, 6.986785997303974, 48.45519920214162, 42.5478977481497
23769, 17.22618977344371, 6.936653857400887, 54.08866368435559, 37.454152267475145
2377, 13.285426683675906, 7.089319758542345, 31.79449306058748, 60.065631793099605
23770, 17.178889421182582, 6.945181800701457, 53.812307564283934, 37.74964633435965
23797, 14.952111394516988, 7.770991490310609, 42.33766233766234, 51.17545719586536
23799, 12.392753312062164, 7.070028480591679, 27.885942051203433, 64.90776227707087
2381, 11.391844737016942, 6.353073985435407, 20.208333333333332, 71.82614942528735
2382, 10.669614124324342, 6.014639786554202, 16.561378400438297, 76.4717063407762
2383, 10.755806342340477, 6.156382689610457, 17.552405267401237, 75.63379019976709
2384, 10.777207781806384, 6.136810042326503, 17.484244401734234, 75.46372860143924
2385, 11.42040776856721, 6.369744887326129, 20.350922314144054, 71.36325317558975
2386, 10.751429668703311, 6.193823684199303, 17.733618691713147, 75.73825391720911
23865, 12.602934334031318, 6.602389069778699, 26.568718820240118, 65.0633188969903
2387, 10.773243706731273, 6.178864895700851, 17.660168984099528, 75.59044641075111
23871, 14.713520903127723, 6.6794165884400485, 37.305333217330784, 52.24464938228641
2388, 10.593372446478108, 5.996804441115622, 16.032693075455796, 76.88861287317572
23887, 12.739427948304002, 6.570755154922781, 26.85365665642517, 64.61726518880702
2389, 18.041447973358515, 6.725612904425233, 58.34839924670433, 33.4331450094162
23901, 12.630269691966737, 6.597384560341005, 26.630722413336862, 64.97309693922556
2398, 16.916305383553908, 6.297869712526333, 51.95361635220126, 36.59492924528302
2401, 18.868943784643747, 6.678173946946282, 66.07611387656016, 27.587602069591235
24031, 12.91723491391306, 6.558401446711376, 27.168262944734405, 64.03750279038618
24033, 12.431913641980975, 6.53937677346184, 25.232176783383043, 66.64402390226817
2404, 16.978442236363488, 6.2901346368536775, 52.44168560541817, 35.646687697160885
24042, 12.300134055350634, 6.807012166031155, 25.403615991851286, 67.4025974025974
24062, 15.874894943298337, 7.082080709966153, 44.83718152325881, 46.3126603412469
24083, 16.837006314192706, 7.03105863677975, 51.46477472052779, 39.68767180668639
24097, 15.175896110209901, 7.079649384008207, 41.64832516668005, 49.3862960880392
2410, 18.75431988425954, 6.2938623753535685, 65.00171897254555, 27.293600510780415
24114, 15.18206371561444, 7.10766740500797, 41.96036827946804, 49.24260220513015
24131, 16.971491577298988, 6.9632826191499495, 52.64100383911777, 38.43755636288681
24140, 16.030121898977498, 7.013077862555316, 45.12176063394589, 45.693562176523045
24143, 15.963849352321843, 7.05834863186544, 44.908889153820056, 45.88465100923489
24145, 16.05604452930465, 7.015486378350935, 45.179686709530245, 45.644195480007724
24153, 14.913844880460019, 6.849773223702503, 38.60035421952037, 50.97793308123115
24154, 14.796951911501464, 6.815975998343917, 37.76598238819127, 52.269935198296956
24155, 14.75188992602656, 6.8320515358455856, 37.57130673742064, 52.44290723017152
2416, 16.70847849544513, 6.787727664787392, 50.82357121004273, 39.91927127024386
24173, 14.91826211468304, 6.78377411928081, 38.22276267300356, 51.10044649073138
24175, 14.83003137835389, 6.818195030425196, 37.90459015783896, 51.90838275483834
24177, 15.4751007249075, 6.703171834154434, 41.32644080672206, 47.83265241840601
2419, 17.57937629380173, 6.678244573958483, 54.804752781967146, 36.48045489748502
24199, 15.091402668457068, 6.863902816018248, 40.1623513213753, 50.138639232034265
24202, 14.735355352606202, 6.740842281534271, 37.509197083011244, 52.66971528625047
24204, 15.251462938476863, 6.753782859421411, 40.77230062234295, 49.246025470478244
24206, 10.629790050764008, 6.021182298221034, 16.348064853556483, 77.44900627615063
2422, 16.496674476599797, 6.541315155921974, 49.28062152726557, 40.280277327039386
24227, 17.748508945347155, 6.6650603370086925, 57.6530612244898, 33.62671761931864
24240, 14.993770684059685, 7.239325500739171, 39.94619253713885, 51.82769914609896
24242, 15.555742516990367, 7.14315576737494, 43.024711121459966, 48.15806579930339
2425, 16.23092175571002, 6.175435129154835, 46.22907794394375, 41.48880855699713
24263, 13.523381449554599, 8.143259159255203, 37.64178352060919, 56.62452407169105
24264, 13.72781163393935, 8.014688288502839, 37.80978831408714, 56.40306698736263
2428, 18.036822354030953, 6.7090624552516696, 61.51063999181101, 31.228461267245205
24288, 11.212122772195377, 6.534226180176931, 21.380738286796024, 71.28371982962612
24292, 11.239388523052803, 6.541262670245715, 21.560200176626434, 71.05092728878422
24301, 14.88892251948239, 7.079763274688389, 39.82113365117946, 50.2648717709015
24303, 14.39805461770357, 6.7648570919364, 36.441717791411044, 52.91411042944786
24313, 15.287817742639032, 6.719854086638687, 41.08859096328378, 48.55430383545423
24332, 14.605525253677387, 6.988052798524004, 36.68436972915708, 54.176946988388465
24334, 13.424067674565658, 7.064064308608813, 30.995204607690624, 60.763920136790816
24336, 13.755317579860376, 7.113015069764029, 33.047914476888764, 58.440792678237244
2434, 15.135331602024587, 6.8801223003909096, 40.91434037539517, 48.85269997550249
24352, 16.223217461593627, 6.990307045389137, 48.025745548165624, 42.84059214760781
24363, 15.997843039773223, 6.847324778382066, 47.015937395025944, 42.87420530748846
24364, 16.091597532989894, 7.076131651583574, 47.45417515274949, 43.08584829969759
24365, 12.295535542034052, 6.091358935383079, 21.93035157988429, 68.55696484201157
24369, 11.579993873399303, 6.805054810294075, 23.940898970869856, 67.90546326425758
2437, 17.906601115185428, 6.222183094699625, 58.07748716695185, 30.969200684429232
24386, 12.232864579482161, 7.199884003503578, 26.831403908441427, 67.06959877260682
24395, 14.035655386789292, 5.927793607335794, 29.74814943640692, 56.77887803128295
2440, 16.644111297402688, 6.706215953306203, 50.664270005924706, 38.855025456152156
24413, 14.537521101674228, 6.372942794166555, 35.00924214417745, 54.11354634275152
2443, 15.129741585006968, 6.634041935589287, 38.227653324274094, 50.05595411762355
24452, 16.319053819716988, 6.495705498703584, 46.65487085031399, 41.59620600136329
2446, 13.1970015506386, 6.691144582218053, 30.125098864864263, 60.542057948735085
24466, 16.019325418688084, 6.32016031899017, 44.02994731490896, 44.1538034938534
24468, 16.962387620601117, 6.249047295875171, 52.03790882061446, 36.5487399122186
2447, 11.11764725509055, 7.160179175146098, 24.313918243630702, 70.0172032440403
24471, 16.753069311006847, 6.07150869567941, 47.58620689655172, 40.30180949129395
24472, 17.960093432154196, 6.389458940000733, 57.99973303886712, 31.5717943428509
24476, 17.94311003476535, 6.417599793638042, 57.90980406736811, 31.718531186873385
2448, 13.520829911662362, 6.661770942546218, 31.17995759594998, 58.1011206784648
2450, 14.555615999510485, 6.5176282521812565, 36.052884517065785, 52.87122436041637
24501, 19.01833865966491, 6.738925548534277, 65.05516438432112, 28.01020125297999
24503, 19.01730867664472, 6.74441848212519, 65.046106897238, 28.027907388160365
24504, 18.267974914027285, 6.713478214880516, 60.87507926442613, 31.07517790460086
24505, 17.18284864048899, 6.661002848408926, 53.21984082427925, 36.49483174267692
2451, 14.649940003729318, 6.569591574703695, 35.41052848459874, 52.85258061192953
24511, 15.478408982020456, 6.963615392429236, 42.99954575278857, 47.65557966991369
24514, 14.139832482106447, 6.8667009155506795, 34.86926380830382, 55.917665084268954
2453, 14.720952146456305, 6.53959789901671, 35.80067567567568, 52.97072072072072
2454, 15.01063373291914, 6.723476494214994, 38.41769407099932, 50.44710158395803
24542, 15.514387774902195, 6.882410737571, 42.727878630412434, 47.20581091919614
24549, 16.506362696491742, 6.502301481241564, 48.74579364626704, 40.36730736325785
2455, 15.222639365095038, 6.536499630159238, 39.823161395645954, 48.964216546171706
2456, 15.049290060375522, 6.761252045002494, 38.60987449945191, 50.455247086194944
24561, 16.174323901009608, 6.910020137566916, 47.287543929995046, 42.67165129608227
24564, 17.68181835831316, 5.974075344725472, 56.670007745227565, 31.544717299193586
2457, 14.926688147012594, 6.526924942956327, 37.58132844894428, 51.36362104032992
2459, 14.642549643110945, 6.582326143967679, 35.42076581541727, 52.64697701729626
2460, 14.454460998387193, 7.0464441798180655, 36.87330509424236, 54.53170174141061
2461, 12.474702454689258, 7.32791040995386, 29.906469299465062, 62.50430952989979
2462, 14.786070551218952, 7.000538830159604, 38.539421472073926, 52.71965602237181
2463, 15.126746996814294, 6.798781036328287, 39.21230545850538, 50.065792458823
24635, 18.015093375785952, 6.778463934414439, 59.01287932251235, 32.61467889908257
2464, 15.25407611240093, 6.74633638539664, 39.70056439893204, 49.37195128820395
2465, 14.996537309780065, 6.808742253600985, 38.63537640756045, 50.7791007206264
24654, 12.370916998923258, 6.88018505494505, 26.50616074650719, 64.86260761973502
2466, 15.45858526429366, 6.349177420719055, 41.05530973451327, 47.065265486725664
24679, 13.957550337733915, 6.173877484813964, 29.056603773584904, 57.91136463361123
2469, 12.85703125074531, 7.17320631591329, 28.749912589450126, 63.40062003216709
24694, 13.950482308633491, 6.831073592668571, 33.25450887657502, 57.34655701831787
24696, 17.843048247708523, 6.249805530945697, 55.12336867862969, 34.458605220228385
2470, 10.228956294580229, 5.944315207387207, 15.199216950713957, 78.57323813910641
2471, 12.225724659673157, 6.351442461182427, 23.3411223183777, 68.18688867231074
2474, 12.716643091813065, 6.799182606901853, 27.03374042641275, 64.52770302904851
2475, 11.030137791200984, 6.430342232033359, 19.668521094112194, 73.71233194251275
2476, 12.87498271054742, 7.101419975116734, 29.402430751187204, 63.22597707229013
24770, 14.14965098368826, 7.185936524914687, 36.494782490852415, 54.93698333107467
2479, 11.878515115690691, 6.7437034902514865, 23.416067550145765, 69.34459169096041
24794, 14.579825016963037, 7.191962245392682, 38.90037318269579, 51.973365534838344
2480, 10.419889673827328, 6.305694507122385, 17.54325259515571, 76.17070357554788
2481, 11.365985149188015, 6.402171325858678, 20.73593570608496, 71.87026406429392
24812, 12.262956666182136, 7.229994353469238, 27.868928995424653, 65.56151373270906
24836, 15.405526974734258, 7.479206239002469, 44.21815506801169, 47.86224653130172
2484, 12.303811312425587, 6.943896844171413, 25.913921237237513, 66.25610631352302
2485, 11.257783245162123, 6.584527677582489, 21.292943874640557, 71.476303014075
2486, 16.109035714358022, 6.446710632970216, 44.39418827938829, 44.57464775698124
24868, 7.0275565579441865, 5.162463481053847, 8.094490527611006, 89.78032119142075
24869, 8.062126361482559, 5.674638547329485, 10.165887121920798, 85.54661677580293
2489, 12.554718220531978, 6.624266194203754, 25.500074595177708, 65.5748992965101
24890, 14.985151074782317, 7.359171592767179, 41.26954458862011, 50.43959598864167
24893, 16.67428962392452, 6.636655447696462, 50.460220673635305, 39.59131823461092
2490, 11.149455083979971, 6.531368161359989, 20.28639891769184, 73.14293576088328
2491, 13.021552528179145, 6.0541982825294225, 25.25166413640079, 65.0472965082331
24919, 14.821925343274353, 6.911499005362587, 38.533162095220625, 51.86680121089808
24921, 17.33372439503177, 6.986523705435871, 53.30146695236525, 37.944069007197406
24927, 18.43929077630862, 6.8521902799748355, 60.91264610246946, 31.35710519377801
2494, 11.871646851639252, 6.754716758641357, 22.961350914148056, 69.29021145856366
2495, 11.00481832377889, 6.276158050362543, 18.876082370902143, 74.02542916079108
2496, 11.19002052828482, 6.597633072772376, 21.173224848612378, 71.67356386336536
24966, 17.358678152970857, 6.850083054342161, 54.99935734554047, 36.249666314030634
24992, 13.039395518416832, 6.859848886632871, 29.107056023340927, 60.576357075218176
25, 17.00407277709435, 6.781049738538719, 51.777703724590495, 38.64294686114173
25000, 14.042980736404047, 6.683388408132909, 33.45103645461043, 57.09506790564689
2501, 10.761141135506822, 6.804983244817428, 20.68287701831642, 73.26951305124769
25010, 10.857723490099755, 6.663803972246094, 20.750652983919885, 72.68237129098945
25039, 11.239426091185203, 6.764112629915011, 22.47456349704811, 70.5690239919608
25048, 12.92152079604545, 6.483458003193422, 26.761042069954044, 64.69788541959127
2506, 12.919744448275578, 6.674560340418007, 27.169674591945892, 63.67542013181959
25070, 13.56667037529839, 7.342806651476224, 33.80060346995222, 58.772944430475235
25071, 14.108136690493447, 7.313311636830418, 36.49010098990101, 54.61203879612039
25095, 13.776380082625192, 7.146386028130485, 34.34855545200372, 55.619757688723205
25103, 16.189545304765687, 6.806829839102191, 46.29705030763663, 42.72756062251176
25104, 13.379656654288206, 6.999804093681905, 31.949150562007805, 58.899820064029164
25105, 10.652795639336503, 6.43361366666832, 18.924319275470268, 74.89802433228107
2511, 18.14492410143457, 6.249625281384219, 59.445614626337516, 30.10700143230264
25168, 12.248018039300213, 6.239838440042453, 22.546548301854624, 68.17179946175672
25184, 11.25414119619271, 6.5563993061055665, 21.64320959687983, 70.8065358060926
25194, 12.244409087629922, 7.066354003847394, 27.23861049463267, 65.28046329545563
25208, 10.281008694716233, 6.470794010159159, 17.70480066319994, 75.02355113422261
25218, 11.090494822499021, 6.4849854894820735, 20.712404987828506, 72.06120522629043
2522, 13.438642396989243, 6.990212057300446, 32.68770519985708, 59.00182699503138
25232, 13.289484155928955, 6.0826772572669086, 27.32364761860766, 58.98969834157158
25233, 13.352496836642898, 5.9588634613178435, 26.933800317979678, 59.52441300490795
25274, 13.237162255535674, 6.0612467899230635, 26.525177809388335, 59.36273115220484
25276, 13.43689990536098, 6.389965724684789, 29.552146819146753, 59.811910794585586
25293, 13.872443376676847, 6.614486340316723, 32.34776446923288, 57.20718661424522
25296, 13.281039695066772, 6.366214170833807, 28.496842297257245, 61.080458721871366
25307, 7.069581503696161, 4.444819092506461, 5.648382844976173, 91.48433539491026
25320, 7.116173200100067, 4.465805026515771, 5.750786046557761, 91.40060106525426
25332, 14.744710971042771, 7.169200578838789, 38.42433456724837, 51.780363123567774
25344, 15.185300181769717, 7.304349437542028, 40.40307628169261, 50.67636507257348
25354, 13.777650104582827, 7.186536979165864, 34.017677725784466, 57.737869398423335
25367, 16.142166221274447, 7.190617858638104, 46.406287628346874, 44.62858769183615
25377, 13.751194114269811, 7.164081016436418, 33.81925842379811, 57.92048498519667
25378, 17.718054745697128, 6.628391353697497, 57.98061276268132, 32.993298454970166
2538, 16.226174927100963, 6.655743989668937, 45.99635507981914, 43.50143028513426
25383, 16.72362597962238, 6.528997919816753, 48.543532453143754, 40.989982457760135
2539, 16.426507601068735, 6.863341766536456, 47.53242515702749, 42.756924941442435
25395, 17.708284571484096, 6.635820575018612, 57.897513389783526, 33.11277819007681
25399, 16.326812608473624, 6.760370387900772, 47.91790871335751, 42.55731940220082
2540, 14.820652214490837, 6.547107666443881, 34.55559018039542, 52.30774557667671
2542, 17.057670580961247, 7.270709839853425, 53.43264948441233, 38.25432457414499
2543, 16.001251183727643, 6.705930122948837, 46.291162686622826, 43.01182203547854
25436, 14.450179744653884, 7.297708058203648, 38.87287607864069, 52.55671203629571
25438, 17.257706245795966, 6.706725307246598, 53.34647639253048, 36.580069251245924
2544, 15.182383614835965, 6.693735416730184, 39.17410867860141, 49.660809378999076
2545, 14.055925291738438, 7.39840028920644, 37.03940196231117, 54.81389191714686
25453, 15.332663562298203, 7.114720107340899, 41.63297961933636, 48.668519454269834
25458, 14.880235815171458, 7.004694581593333, 39.475128709872806, 51.251135675348266
2546, 16.634217524413295, 6.9848017446116275, 50.56732463646851, 40.61537291294261
2547, 16.814868841423838, 7.016449028425763, 51.71612643952428, 39.69884586886357
25473, 13.841352261294055, 6.837637169101021, 33.375169397560676, 56.87446100776149
25475, 13.535253683852584, 5.985060934506838, 26.39900594498471, 58.321862513857994
25478, 16.022194842688585, 6.707430560366361, 45.93626113370746, 44.28975956340421
2548, 15.221437163034642, 7.064912542335549, 41.303396084808305, 48.31446619550942
25485, 13.704118957600182, 6.47166954215958, 30.242164671976944, 59.53808589841092
25487, 14.458143463738642, 6.7430133680612645, 36.02968285469992, 53.626814976349415
25494, 15.720756891338919, 6.449364448285562, 41.60667601257909, 45.32262342287728
2550, 11.481390299507513, 6.837402474291936, 23.495166959578206, 69.75269897062516
25538, 17.168824242186904, 6.4798404572950155, 53.42693440717818, 36.182805870111615
25585, 15.32016138438889, 7.049638295512206, 41.289198606271775, 49.38165578838887
25604, 12.3423896844829, 6.262099603109374, 23.44732374396, 67.30658010111752
25605, 15.92607298566031, 7.632046410385266, 45.29167714357556, 47.88575978543291
25607, 14.729051507134782, 6.915732889115443, 38.00225752649224, 51.50529844837172
25672, 12.307344226612862, 6.43733159504188, 23.49591194444907, 67.51619402860807
25673, 12.581061624047653, 6.545044611025423, 25.771671632964082, 65.45125067291434
25676, 12.941765108795892, 6.53846492781388, 26.725779430392677, 62.71646304090221
25677, 13.278771616486246, 6.489143735159243, 27.973863089509145, 60.01188041385947
2568, 10.498222237571968, 6.124807056944658, 17.2250419072453, 75.77877630843733
2571, 8.914948854080192, 5.852798964357782, 12.3883167469977, 83.014898806015
25711, 11.063853229651306, 6.606488965710357, 20.379349168301008, 72.513982712283
25715, 12.536237709297023, 6.541464952794151, 25.390014590473886, 65.8487943433855
25734, 14.137948458042128, 6.915123508121972, 34.42743817078862, 56.170788614092395
25735, 12.65574325361597, 6.521809306303808, 25.74681301886137, 65.19243461044148
25739, 13.76252292865544, 6.867081798217919, 32.8367628689764, 58.152652685556504
2574, 18.02764504653309, 6.287188158746725, 58.654437570100214, 29.973045334491115
25740, 13.732111111562023, 6.880543958961028, 32.76286177840582, 58.23520175851782
25741, 13.665822344953137, 6.818062126072511, 31.97784146511953, 58.72186495176849
25749, 13.737401034657625, 6.894667357985659, 32.86901849367322, 58.16957356693763
25752, 13.751003886965234, 6.857829971215824, 32.73277977962296, 58.23672254425819
25754, 13.748373558380855, 6.87233795761025, 32.800000000000004, 58.18858075040782
25755, 13.833385745695674, 6.761579404545025, 32.63458873471679, 57.754310874103176
25769, 13.475170131324788, 6.759057161705601, 31.13673372905395, 59.73630298891632
25771, 13.72064318923068, 6.882383003308353, 32.7221807807572, 58.2767330166333
25773, 13.722412264539095, 6.89120787617208, 32.78405749754982, 58.23717739300882
25775, 13.666212445393871, 6.809533778844387, 31.933701657458563, 58.730158730158735
25801, 13.770300117607402, 6.873435555606243, 32.93428091891325, 58.04442463023183
25803, 13.764387235981376, 6.863475164093772, 32.82334034519252, 58.14703999372852
25806, 13.77692777118092, 6.834763700105159, 32.72815484398141, 58.06138603748532
25809, 13.702303038382963, 6.777231186955462, 31.929732103645147, 58.736934563021514
25812, 17.584451479620345, 6.668175651892946, 54.203348869325055, 36.53411104145657
25826, 15.624452793171399, 7.597158988376915, 45.91566116936263, 45.23947520944201
25838, 16.328167493864868, 6.742240976334926, 49.63938064255813, 40.233856189371394
25839, 15.592772143284684, 6.638590338423341, 42.35607725763457, 46.55567506898003
25859, 16.222388566423486, 6.6751693526984655, 46.88039247548963, 42.47510272303085
25887, 14.275903609995279, 7.713746393911078, 38.48480837949746, 54.39299691819024
25891, 16.925877760816853, 7.259670626869992, 51.92977404231195, 40.26384227055531
25897, 15.383238006180708, 7.271100371039256, 42.49546390395698, 49.35554531865487
25898, 12.829395623410022, 6.725051621627514, 27.662096556292543, 63.934769155677195
25902, 16.540776943693118, 6.573522661295058, 48.776189755454176, 40.211680252546
25903, 10.397983518450852, 6.266175831244397, 16.39144242019054, 78.88684606384757
25904, 16.255395760599043, 7.197921216652246, 47.360626161261656, 44.517947383065994
25908, 12.451038067782427, 6.705153365364474, 26.749295531347506, 65.0205672457165
25913, 9.899727114861818, 6.298712799101904, 16.41059712648451, 77.72921684245495
25918, 16.57421983834742, 6.82466866752344, 48.541806518982625, 41.607262730556535
25919, 16.43957081036432, 7.524371027843969, 50.778011355822315, 42.268020982730505
2592, 12.892422383928215, 6.576922340533698, 27.30824571112341, 63.249584947426676
25922, 11.652270524083976, 6.808516255156366, 23.479907169903505, 69.22193721754
2593, 14.288666495283348, 7.437730639603168, 38.48221446686754, 54.13478421086858
25945, 16.5471148575823, 6.885260641188232, 49.34522060024166, 41.207014793768984
25947, 16.5010378912112, 6.900003043584836, 49.06262843413107, 41.48567333733784
2595, 20.335100888331464, 5.582046006817684, 73.35649244697089, 17.806200326332966
25959, 16.557522896681828, 6.877051661830177, 49.35937551464049, 41.144889825763315
25961, 15.195237223957339, 6.712936658296555, 40.414866216820286, 49.095340471274405
2597, 12.00335845134894, 6.159570334019052, 21.81552321879201, 69.63515011438409
25997, 14.474025239576466, 7.092598064880077, 36.922595250710465, 54.349501469100716
26, 19.617725335022058, 5.857084788107524, 68.56331106503877, 22.56008600168932
26002, 14.45422552062734, 6.789048651042597, 37.019283746556475, 53.588980716253445
26024, 16.65633668898746, 6.892937480131487, 49.796589630399026, 41.253354107158316
26026, 16.62376730437239, 6.502790389592101, 48.601888741330974, 39.9267129014805
26028, 12.468952668226267, 7.914598095524844, 31.249034024419863, 63.29623987105606
26042, 17.314288103673285, 6.860095177727768, 53.778493557978194, 37.43434093161546
26045, 12.81810075282186, 6.990009808809948, 28.263745272297058, 62.993497661766625
26047, 12.781501372572892, 7.362568773807373, 30.577953878484344, 62.01038706153547
26048, 12.697583793308166, 6.906443549970327, 27.116894213140142, 63.819220705245726
26049, 12.66861352095704, 7.242309749866106, 29.39054085278069, 62.914348683859735
26050, 14.567101129192299, 6.743854647383425, 36.53278509653485, 53.65178540664086
26062, 14.874812007549911, 7.3092901944343796, 40.691761714749816, 50.08298315618489
26065, 14.90701058768294, 7.062899677981632, 39.715886175218465, 50.608111136007174
26069, 14.865937646122601, 7.05445797793843, 39.42810428158183, 51.02053650035035
26074, 15.163618885281473, 7.1802734237275, 41.297053862992065, 49.41866724082248
26079, 13.679646262687832, 7.318465868291764, 34.46851494435325, 58.69965186962247
26089, 12.702051750426275, 6.266316200123584, 23.506818928688794, 67.48685507722642
26092, 12.340475678902077, 6.387656157204814, 22.832104223313316, 68.68605856692945
26118, 13.967506956702287, 7.217333011561293, 34.23097479751676, 57.30378653948938
26154, 13.707509793098941, 6.8817593415659895, 32.23217262897156, 59.25308436145382
26157, 14.34286305161878, 6.832386111830765, 36.26762661962262, 54.887773711751876
26166, 14.327958398055003, 6.999597185199935, 36.32968601332065, 55.47692673644149
26168, 14.122983577301389, 7.179400974877419, 36.28252257396766, 55.60274575585614
26170, 15.36743110720282, 6.365972484878272, 40.68097989979936, 46.05505028053777
26175, 12.454815929673941, 7.017370562369794, 26.865792268969656, 64.92518357733339
26184, 12.493107782735457, 6.324381444898451, 26.112377137858804, 62.943397095044084
26198, 15.434982964704405, 6.359703524454787, 41.281323591570555, 45.60956463981643
26209, 13.965628386028108, 7.306939511121349, 36.3693300893696, 55.959578927083086
26283, 11.692777189991117, 6.663925525235283, 23.042000319394063, 69.91992334542468
26465, 10.089368064926534, 6.4149117759026915, 17.354616626557405, 77.23901057056692
26471, 10.169263988746097, 6.488791883064074, 18.417626667070348, 75.99948530858778
265, 13.672149612941093, 7.105295389074342, 33.92915219399238, 57.8386605783866
26503, 10.062496508303978, 6.397784481802446, 17.214951760219265, 77.47463094547031
26505, 7.8476237295282, 5.053275702471379, 8.385118591341753, 87.98085868020154
26521, 15.404131978787552, 6.996716930234326, 42.91345218800649, 47.496920583468395
2658, 15.168512861034019, 7.362629322373887, 42.07192805679089, 49.28291651830021
26593, 15.099707131522454, 6.9662537588228926, 41.02290163095982, 48.78331533784168
266, 15.085280404019771, 6.8276061282124925, 40.09496466431096, 50.2622570671378
26600, 15.549964182655986, 6.745113436638939, 42.58474576271186, 46.75255148532896
26601, 15.911689582003913, 7.051688967915525, 45.472331532492944, 44.590809044220634
2663, 13.26372553460248, 7.256944988416747, 31.861385954988453, 60.37797086397314
26636, 13.175452590492874, 6.954603414789854, 30.60929508561263, 60.29464087169224
26637, 15.620807297381218, 6.420420143214402, 42.17576350779179, 46.28006466583818
2665, 12.626742784185053, 6.720294518822236, 27.413585666439044, 63.059701492537314
26653, 13.729119475425621, 7.218018723769338, 35.28543578107962, 55.59031181504774
26668, 16.054515816852533, 6.505650642657831, 45.83347124306314, 42.62734584450402
2668, 12.286677207129014, 6.626600151028899, 25.2041393172325, 65.25862881190918
26693, 15.164170515123368, 6.990514546137747, 41.5298797494399, 48.206529193909745
267, 15.222643809285996, 6.846527813449561, 40.554603965535144, 49.83909477836603
2670, 13.51160744700322, 7.265271790866273, 33.16842992524204, 59.296692216191516
2671, 17.0124796861501, 6.6358321179437585, 50.5805197294559, 38.351269202333036
26718, 14.26957201442769, 6.8844715550719675, 36.41092597198043, 54.01330514797314
26721, 14.95251778457583, 6.578408979062013, 37.362838704423766, 50.8957472364162
26740, 13.106090958895164, 7.331409048052348, 32.08930833026923, 60.303550271683626
26741, 14.286627465363448, 6.889835250618655, 36.512401445466494, 53.933968462549274
2676, 15.307343076191703, 7.483733467447135, 42.68800497203232, 49.060752019888135
26768, 10.558087491631888, 6.701156185376667, 20.228993066598814, 73.7726607722155
2677, 15.427235235760282, 7.219315796148579, 42.69670589662703, 48.32944066974035
26770, 10.172398100036515, 6.194490179714658, 16.602537239513886, 77.63089387532224
2678, 17.70881601055967, 6.707608230340744, 55.43566078299806, 34.18050857901872
26790, 13.318962638236519, 7.383166827242736, 32.542339981559664, 60.41029747173291
26793, 12.725473589139968, 7.246955209143874, 29.00818575269141, 64.3250672099724
26798, 12.635220786459374, 7.19341149063827, 28.376227115945873, 64.95694541595311
268, 14.187528053689975, 7.027218318701864, 36.099531005732146, 54.94398124022929
26800, 12.793454247730306, 7.041376730381448, 28.72898771418856, 63.59348896346783
26837, 16.42918419024405, 7.188504865333067, 50.51387968589193, 40.932737449070224
26838, 16.43575968829891, 6.9116580084477475, 48.43010021193647, 42.19236505403072
2684, 15.680167476550444, 6.885378799261809, 44.0169065752223, 45.87702858965669
26844, 15.306422937344431, 7.102649968378335, 41.05728231288769, 49.61271911944557
26846, 15.55709281283523, 7.169444243609774, 42.53226726254903, 48.36772459062183
26848, 15.486814578240198, 7.050006883668117, 41.77209605012078, 48.48170657724931
26849, 15.56622137775857, 7.169826686395206, 42.61054013195673, 48.289601668795626
2685, 15.062709459489414, 6.983396957720657, 40.79760515500533, 49.54995179867066
26857, 15.157439904625225, 7.063565404275198, 40.51714598369625, 49.853069555274125
26858, 15.696956087710788, 7.031129795988269, 43.555059103686155, 46.7465354069746
26870, 15.624563260152756, 7.108276012545192, 43.69241409974558, 47.23834696045254
26873, 15.681038310134179, 7.044721621962884, 43.48018161737637, 46.76279298073383
26880, 16.433177641999137, 7.176379471025149, 50.474404545327324, 40.98211536846819
26882, 16.470779142039515, 6.889943593360344, 48.54325473623234, 42.03167581658043
26892, 15.511269743607006, 7.152692752583395, 42.20514136418774, 48.75198283101614
26907, 16.647197026108287, 6.835364785242213, 49.599436243602106, 40.76354375293623
26908, 16.428234346109047, 6.913631082225757, 48.456953887538404, 42.177416369491986
26939, 13.957029730199876, 7.3052498276206554, 35.66801248868594, 56.36282276846099
2695, 14.999055734274627, 6.96199044632945, 40.38486298045974, 50.096562379297026
26974, 16.708674068541303, 7.093057680982003, 50.39769167979651, 40.92522637103969
26976, 15.34635958036838, 7.5051184983782475, 43.57600697868467, 48.1491314571797
26997, 14.045018724922691, 7.596804993864804, 37.112666710901735, 55.322307743348155
27, 14.997882835074126, 6.784346128961195, 38.54499859259449, 51.08370224417206
27001, 15.249979874228385, 6.689146843727397, 39.62812613880014, 49.64617744518928
27003, 15.155743603782888, 7.121208807637494, 39.58366466981215, 51.28116771810775
27017, 16.393737571529407, 7.365263152528696, 48.50564334085779, 43.361926260346124
2702, 14.62544350288156, 7.254374682025172, 38.26580997549408, 53.15346069908926
27022, 16.713120336837306, 7.082417988000721, 50.426452469412894, 40.852522898539654
27025, 15.372600459184868, 7.477233061197912, 43.64754673881499, 48.11874514356329
27031, 16.715732465012017, 6.283336282342949, 48.39583760275064, 38.10293660010171
27033, 15.123747758952197, 7.814521032482652, 44.979900685741306, 47.804051391187826
2705, 14.040177261824052, 7.568540800541847, 37.44539283554003, 54.53911553195779
27054, 17.186467850110823, 6.8097833118474576, 52.94016979545675, 37.34607171291026
27055, 16.64490516655498, 6.903699598643591, 49.00837307100214, 41.377238763939474
27057, 17.210184569743703, 6.809159663247808, 53.06214316260156, 37.28139606419134
27061, 12.910811606578578, 7.186189934594049, 31.274210144050357, 60.533682362910056
27079, 17.190575589293154, 6.356203794930225, 53.57148305795841, 35.33952736204555
27080, 15.14195395155924, 7.28065914914736, 42.449146478585305, 48.79961838563494
27083, 15.521009581123016, 7.19915236306984, 44.07096277511095, 47.46399782628385
27086, 17.090686672237485, 7.124597497438618, 53.47741612000168, 38.07817657627544
27094, 12.897624853201242, 6.608826416050477, 26.78923558751885, 65.18530332908016
27096, 13.818168190579609, 6.6114629515222045, 31.39450680184141, 58.166089070501215
27104, 13.11300771589133, 6.664620219995033, 27.834071298819257, 63.811307901907355
27110, 13.89287026737242, 6.654428588231551, 32.25040642014812, 57.4149098134338
2712, 10.345887892919176, 5.797956036518506, 14.672870085241218, 78.05484893113758
27128, 14.9914432739307, 6.9762026323284925, 39.66655970907535, 51.06289106369325
2713, 12.648754355388357, 7.234422731144211, 30.60456596819932, 62.18676553345029
27130, 14.029935106193882, 6.838318823957041, 33.75395079977407, 56.929973200658566
2734, 11.612151088168027, 6.491909899330495, 21.54618629310011, 71.80739909446228
2739, 15.334174425485267, 7.375336165021336, 42.81132338585971, 49.73736810300748
2740, 17.069119650318076, 7.075638128739655, 53.414977733345445, 38.446332818322276
2742, 13.819324180595624, 6.845519991608287, 32.88110126610248, 58.49923768698765
2743, 14.669020761182745, 7.014192642755739, 36.51494252873563, 54.493793103448276
2745, 17.983240496759716, 6.91770428950483, 58.602416448809436, 33.714406839539315
2747, 12.797033411548638, 6.234543277603532, 26.26024082334762, 63.24674188751859
2750, 12.902401398347177, 6.198713635708821, 26.37905820415326, 62.97747879496929
2751, 13.156023412234168, 6.263699084498316, 27.911256517738476, 61.381395416770125
2753, 13.479499104284532, 6.732564884219298, 31.027676588827774, 58.538815436192905
2754, 15.19523396519902, 7.003788233670653, 40.043085608769935, 51.89056679861193
2755, 13.989121180541757, 7.166816850753193, 35.1000030442327, 56.8226328553888
2758, 11.84939062697038, 6.302084908763489, 22.342951426616764, 66.58416837699707
27594, 14.85801754801806, 6.837881008760853, 38.0079065157967, 51.53719656295264
27633, 13.243111919879247, 7.286545390538791, 32.516744238846634, 59.55500056760131
27635, 11.913773367936049, 6.822692126642354, 24.698181990341826, 67.83448537070353
27680, 13.459520526983004, 6.568264944562793, 31.4084537984973, 59.068939760094906
27740, 14.056708295786969, 6.8369696093747825, 33.22172739979846, 57.57132485995081
2797, 14.129070180692842, 7.059622356687676, 35.65121301923753, 56.159525842583754
2801, 18.430119353349955, 6.762699204118805, 61.25393779193975, 31.138429228373827
2802, 18.533536754236493, 6.767142470992162, 61.862203444913874, 30.65395587332539
2807, 17.01614257259149, 7.271133222333631, 53.05903802417157, 39.249666372197055
28082, 14.135291320153312, 6.918716240756834, 34.25461084766808, 56.195073912717696
28087, 12.062260509396417, 7.057432443323707, 26.536275527508558, 66.39464731697792
28089, 14.007674395899754, 7.487112919648655, 36.06524713414715, 56.27698152305302
28107, 11.67844750500791, 6.989713135109841, 24.27753165143567, 69.18549687656403
28109, 14.040941734172183, 7.453059536759678, 36.047103202670336, 56.266984327885936
2811, 19.923508116932087, 5.860716008401802, 71.56298466310528, 21.12355678097536
28140, 14.755167557169145, 6.985220418495033, 37.97917928175509, 52.486142810564075
2815, 18.817795953908384, 6.224752440445292, 63.47169944688898, 27.180194030641996
2819, 18.688112749654877, 6.736752791171497, 63.30345988811037, 29.51061865189289
2820, 18.637240799102592, 6.665543185415036, 62.8709559061576, 29.625752703256858
2821, 19.722471728043054, 6.125306392502169, 69.01403953208656, 23.04548212327965
28216, 13.183809605183228, 7.7616958273586585, 34.24854819976771, 59.6295005807201
2822, 17.744563514627185, 6.457476155790218, 57.62292229865368, 33.07325821043334
28220, 14.552475202366407, 6.948899616179762, 36.743682058093604, 53.010125018933444
2834, 13.551804429990923, 5.815620261259943, 24.021339380460223, 63.119794165104004
2835, 13.210893724283173, 6.872724384248465, 30.00753427174832, 60.53787349773971
2838, 13.495816111842657, 7.473041092261879, 33.81119106038468, 58.52286824911091
2839, 14.972492682923294, 7.090154344568766, 39.62009150537501, 50.787962951482314
28393, 15.867250483492143, 7.080630791812635, 45.12536205197623, 45.58819138241647
28412, 16.77463601182989, 7.110462940210464, 50.74876517700769, 40.20898518212409
28422, 16.815049739309366, 7.115811744472854, 50.3649491238266, 40.29314132051497
2844, 15.299166085077346, 6.551937286876762, 41.344152681220386, 46.66009830403401
28443, 12.482492505671596, 7.087463263990005, 28.559307027122742, 63.818876722840365
28450, 10.606561456060836, 6.574632617259003, 19.435636341982644, 74.08631444181441
2846, 15.729650717965429, 7.120468679698179, 45.69204139613354, 45.90968514690953
28461, 14.744988720703583, 7.169287388952249, 39.162047440699126, 51.65343320848939
28484, 14.663102248970729, 7.185707553512209, 38.77771336038864, 52.10811459187141
28494, 16.50210223519182, 7.193641140466941, 48.75888649253135, 42.30569534307852
28507, 14.666919790387666, 7.1884492195238465, 38.819644822560015, 52.09169963609681
28530, 12.474998159219117, 7.053932170733305, 28.484866892435722, 63.82329268477881
28534, 10.611655134130311, 6.569785641923995, 19.432241645711514, 74.07368134032176
28553, 12.331910544178754, 6.970715555633473, 27.39852467192187, 64.80278094132184
28554, 10.61798845032539, 6.571029941956256, 19.455680286021604, 74.03990364950234
28577, 15.388608688441263, 6.902031983857703, 41.757188182617895, 48.30834313502614
28611, 16.77118671209788, 7.3520462130548685, 51.88428145926191, 40.60816662793891
28612, 16.83243336691573, 7.292980562124186, 52.003319360810266, 40.48981849905313
28624, 16.717433784454528, 6.682990332872915, 46.63154065503362, 42.36830679324548
28631, 17.16827211238988, 6.602411914408774, 49.559271768679466, 39.421934026102406
28639, 16.775704278058175, 6.6282801940351375, 46.61986661986662, 41.779571779571775
28642, 17.131319269463756, 6.614366597178941, 49.26654403094194, 39.643177208622234
2865, 17.455022226574226, 6.631701216159485, 54.4810515534312, 35.85481392966883
28660, 16.85796315991446, 7.243437591600487, 51.772552100871785, 40.67422456691735
28662, 16.698683317471566, 7.4603786214679575, 51.90004190910598, 40.63039092424198
28669, 16.86311636643215, 7.240677916943722, 51.81601458420979, 40.636656850371615
2867, 14.906567170286257, 6.954490344039957, 38.83881057364408, 51.91902517430874
28672, 16.943169327943828, 7.197682731958145, 52.1230637502919, 40.330427337121506
2868, 13.592431988269617, 6.34376515351496, 30.107226627945938, 57.71808332402547
28685, 16.99299189425364, 6.682818122088115, 48.753568620960735, 40.92846207952336
28688, 16.97337761543315, 6.717577875952706, 48.74945696021846, 40.946233889819815
28701, 16.71105784726753, 7.424970023755473, 51.901475310156485, 40.57796315458221
28704, 16.74123808386758, 7.379479746394076, 51.88741510357896, 40.5788924609849
28719, 16.49202667915643, 7.435806420366631, 50.61965868268733, 41.69147936374096
28722, 14.58783076544849, 7.335742598091489, 39.090606412367606, 52.47415166158248
28731, 16.83601832745472, 7.160146258155017, 51.25526507856948, 40.82271524168799
28739, 16.835340880204708, 7.352095734174774, 53.13062814716801, 39.216929466681364
28749, 16.84705689877116, 6.7276935925873556, 48.06436277954611, 42.49514282171055
28751, 16.831935729136383, 6.744838582593925, 48.06137430467958, 42.85448417047499
28764, 16.78930969202678, 7.302302213844861, 51.80359000777801, 40.03555663302929
28768, 16.642425720330397, 7.341941265738316, 51.068154603177796, 41.21678054278153
2877, 16.102632234111226, 6.824524734610202, 45.44370528429773, 44.71570227187147
2878, 16.04663794059356, 6.814688460098524, 45.1637686385801, 44.80942002853604
2879, 16.110943562250743, 6.815009712333566, 45.525450914408815, 44.53320333999025
28802, 16.729881124421492, 7.420795824902893, 51.95379516852615, 40.602921901473735
28804, 16.730193482515826, 7.428836426721567, 52.00162135062774, 40.51029877652028
28814, 16.92881503430926, 7.19575353816497, 51.964813965067805, 40.444414070508756
28817, 16.8871658404327, 7.198002357667174, 51.772711997311525, 40.664090213210855
28820, 14.199147361721318, 7.250729286035584, 36.03610345204722, 53.98076247819805
28822, 14.198474269821139, 7.298520508721628, 36.396735148275845, 53.67352618754153
28847, 12.28310273842311, 6.37274552239724, 23.47366200578592, 66.85902844744454
28853, 13.59874492801653, 7.508048039743673, 34.2946765057658, 58.128916269868135
28867, 11.950765676691729, 6.681198253998657, 24.620072841792837, 67.44436325737622
28873, 12.335272345821483, 6.666954706706245, 25.770746114744636, 64.78078360822951
28884, 13.634535755887224, 7.305155486808709, 34.1209584583752, 57.21804861494647
28892, 13.472606793035988, 7.316829339903232, 32.708193049008955, 58.90741567939837
28910, 13.973284520524276, 7.5538475531582705, 36.08811919011843, 55.678200571871784
28911, 13.827214896610885, 7.619769106052103, 35.6210761016253, 56.3122689667312
2892, 15.954832003002435, 6.752832314281214, 45.24560408394782, 44.58763471355644
2893, 16.21775692424782, 6.818418976490279, 46.30773422952904, 43.90980516826377
28935, 14.537492450786784, 7.377291746046032, 38.387503944461976, 51.83248433485102
28937, 14.696424906713682, 7.3173141433631645, 39.43579095070243, 51.01078967766758
2894, 18.826362771434717, 5.796477307817444, 61.82080189878783, 25.42454296290017
28949, 15.735342371398945, 7.048549866936876, 45.327687081249415, 44.98914787203926
28953, 14.533873811640403, 6.94944319875816, 37.85405463669353, 52.206666107764356
28955, 16.784756642798637, 6.447581035100081, 49.06715122335131, 38.561607370199766
2896, 15.812255862338773, 6.966978978244512, 45.03278485710751, 45.63811173362083
28975, 14.607186607932968, 7.038406459093993, 38.582677165354326, 51.87264635398836
28978, 15.692624752691932, 7.196451770375326, 44.90938041492999, 45.95021776799513
2898, 15.63289097945759, 6.7749527767313635, 44.33347339388259, 45.971104431300304
28987, 15.54879843096522, 7.2204247605417855, 45.093104589063756, 46.376246514485565
2900, 19.186381615732113, 5.939332993084002, 66.39044028918339, 24.306141409395256
29010, 15.326948051229405, 7.422091204976992, 43.20487743499994, 48.09947039108701
29013, 17.093850598300065, 7.005230355718291, 53.17217291452357, 37.860338269419394
29034, 16.903050756477192, 7.131109760339158, 52.8411036208871, 38.50394909271218
29045, 14.728214677251385, 6.97280113606957, 38.75699025550012, 51.48288294321848
2905, 18.744186959987704, 5.9194652152644895, 63.61730095142713, 26.015064263061262
29068, 12.902804976700235, 6.014132589097303, 24.526256540682525, 62.69257228626821
29073, 14.896748034421774, 6.329427176604931, 38.062229797140006, 48.43594113734619
29076, 14.024249763528, 6.737577855011397, 35.770824677469186, 53.95080273152439
29084, 14.405783189254077, 6.515410173540773, 36.534735954548644, 50.48332212440903
29086, 14.395368120490936, 6.436941087560989, 35.49674585585495, 50.95117279555551
29090, 12.656671484140091, 6.679659233898041, 28.38662038013771, 62.34584476111932
29105, 14.067118818355741, 6.683976634910106, 35.29636813353026, 52.36222574158763
29107, 14.89319084038923, 5.985527499335659, 36.11187544935692, 48.17549995118098
29109, 15.195060355656274, 5.913395242513247, 37.76178359815662, 45.78032419351969
2911, 15.597091845901417, 6.678963532065832, 43.50805289616086, 46.60540275153961
29120, 14.829674888439055, 6.112535026316654, 36.363386450897565, 48.07979547141456
29123, 13.988421117441652, 6.64643396019316, 34.31007122559693, 52.68203122116839
29126, 14.91622390462875, 6.023417798821457, 36.86450784331713, 47.6350793505183
29132, 12.224136110969711, 6.8512958359261065, 27.58098088304413, 63.451411470173525
29135, 16.062488585607763, 5.949767490338263, 43.769186539454836, 40.32511134283849
29137, 15.367574592931309, 6.290496573213721, 40.491755972815106, 44.398340248962654
2914, 11.292882880807682, 6.209827325201369, 19.35193707639528, 72.87570077817756
29156, 14.939619498828241, 6.494423095880175, 39.09931308981191, 47.557296013353024
29158, 13.143745655267766, 6.106042554863329, 26.644251013417968, 61.22510972148027
29159, 15.122282649914094, 6.480537321366819, 40.329135358238965, 46.49910043390835
2916, 14.431121324865886, 6.814914004907836, 34.91159478291209, 56.45414524520519
29179, 13.231913002247916, 6.037232356263961, 27.450179594315816, 58.98966416386542
29182, 13.774204080793062, 6.441535223175696, 31.953454085930915, 55.37278854254423
29184, 14.968509955911049, 6.664058199798873, 40.33123176813776, 47.072969271143734
29192, 15.848735055869325, 6.930495969773728, 45.91932928174579, 43.69697334376316
29196, 12.702182567510102, 6.602588935912285, 27.730281696867802, 62.24268533819863
29206, 15.229291588001692, 6.391730811417028, 40.142527311071355, 45.282905718083775
29211, 13.230285026967813, 6.288671891514055, 26.755513219144845, 61.25918869857474
29216, 12.278879432415353, 6.210602584710406, 21.899949469429007, 66.43116358123937
29219, 13.44872826199233, 6.405319989742072, 28.481233088346926, 59.62725153823485
2923, 13.074433921979061, 6.5178730098694695, 27.509153564505706, 61.321702921961375
29230, 14.325967519292382, 6.633137983757685, 36.14613770517522, 51.91496872119703
29231, 14.45842869376738, 6.540510479844021, 36.36682106574287, 51.527772371647664
29235, 14.50352042475468, 6.562524715285516, 37.39813488411806, 49.833505677883295
29254, 15.086066526478838, 6.398444442994664, 39.48901837740924, 46.78875584299161
29255, 13.105420844092786, 6.072949707247084, 26.137125848914227, 61.828204913222095
29257, 15.37910421545001, 6.5621913138294365, 41.90655118243961, 45.52180189360166
29262, 8.081113531964782, 5.0209842272692455, 8.13578792628433, 87.69945190276385
29270, 7.603443768985636, 4.907636087995944, 7.599535752132009, 88.99934399757784
29284, 8.00605009418052, 5.118938521549869, 8.403584011305535, 87.31856678803105
29291, 15.574677081768062, 6.959766762042819, 42.85930302889312, 47.69576141069186
29292, 15.537239572418212, 7.146587363027398, 43.97900175380386, 47.25908896999573
29300, 7.3169048420076725, 4.620481038804611, 6.515784775198831, 90.54840934913163
29311, 14.351005900910593, 7.036496463302452, 37.913441238564396, 52.75444229415904
29314, 12.879746548798147, 7.153706972521423, 29.685742711307206, 62.95311013063414
29321, 7.99428989365888, 5.120101560031481, 8.435472242249459, 87.27222447185706
29336, 15.706953570665247, 6.818925920852529, 45.43282443604384, 43.95436750535632
29338, 15.202741262942588, 7.145686991306883, 40.916028782262416, 49.57480748706061
29341, 16.227449543573318, 7.0107334584961265, 47.73830525672513, 43.38326011507373
29342, 15.463508913569195, 7.02265847473742, 42.46184650128633, 48.29982654854895
29355, 14.067766146272842, 7.562527358908966, 37.28945708880353, 55.24508398784612
29356, 16.008654112693876, 7.005031143804576, 47.841285898949025, 43.51261732141853
29378, 13.740686790727784, 7.374282528637709, 34.600431504069384, 58.02234422062248
29380, 14.702080046684978, 6.902195290276831, 38.3165910915363, 52.08826018094639
29387, 7.799183544932035, 5.03754419551259, 7.935289489339653, 87.7698670095377
29399, 7.91912646496282, 5.0264178687365835, 8.024985600508451, 87.85477367971558
29421, 7.307632440483706, 4.660918351433646, 6.622050017611835, 90.4574045186937
29424, 13.170032690185767, 7.3563594373348975, 31.573297955737807, 61.179521196405965
29425, 14.301837908144826, 7.4102962105653996, 38.04517279654781, 54.46801611354311
29426, 15.02300388587977, 7.455552861307597, 42.001561162310516, 50.27572140806769
29443, 12.383944153281197, 6.405820717532589, 23.827166675011267, 65.475892454814
29444, 12.261449055863817, 6.977817501217655, 26.852945375261182, 64.36997910529116
29445, 15.310293772592082, 7.01274244678788, 42.47518050541516, 47.86636958483754
29449, 14.438281579854957, 7.496072531176176, 38.91635308295826, 53.284635628028234
29452, 16.560815226160912, 7.146129548094265, 49.79543918317976, 41.48849123056672
29458, 17.126539003750924, 6.601265623318192, 52.4140960696292, 37.159370152245245
29463, 16.269711845283787, 7.591152823988475, 49.4967601283837, 43.28105129292073
29469, 16.60027719695264, 7.349692432434464, 51.226985999282014, 40.980306682393966
29471, 13.250370939417165, 6.889589537989235, 30.47316434948888, 58.29798858424511
29474, 15.925899205586147, 6.95962779849276, 45.969298413793986, 43.9970857778289
29476, 16.529183020965192, 7.313295893623433, 50.62192372038892, 41.19729408626919
29478, 17.34634375140428, 7.23712507034367, 56.11357044725997, 36.13443240217779
29507, 12.322002915081956, 6.801004313451557, 26.2028730945361, 65.58559688852644
29508, 12.730999750856334, 7.311780609725804, 29.278935571558012, 63.95750870332395
29509, 12.313702414384412, 7.0750263296900435, 26.97078781341327, 66.1331794749583
29525, 13.920312733870086, 7.410956741422006, 36.030118551746234, 56.195006531437166
29527, 10.97301620332951, 6.273860974639321, 19.221139401409808, 72.94531540901095
29529, 12.393927385753742, 7.154624333910138, 28.64903833775329, 64.0271376708978
29545, 14.701115510566295, 7.555776086525607, 41.47129003305532, 50.1587093102165
29547, 16.608868285691017, 7.355388578345721, 52.184383361712484, 40.027973729019706
29561, 13.300672867313294, 7.286727915950905, 32.151843817787416, 59.91106290672451
29562, 15.178121466402606, 6.973116146874011, 41.13995165079618, 48.60229942457638
29576, 12.454595001692658, 6.962336961699694, 27.550210761219933, 64.21646417059262
2962, 13.297250435778484, 7.282378586035353, 32.92712355212355, 59.48627198627199
2963, 14.879812402581441, 6.867083681339858, 39.443853113358166, 50.311335816923894
2964, 13.030504311310448, 7.072817923122268, 30.648982159347938, 60.93793915708608
29648, 11.956189511730734, 6.593737893801429, 24.108931511196623, 68.27260646210604
2966, 13.758018159086971, 6.176918765913118, 29.195520557160382, 58.852703362220204
29660, 8.782897866611219, 5.601217068819657, 11.233427662199002, 84.02525111173306
29661, 7.893170276016082, 4.850125186405535, 7.404158712140757, 89.0108869511377
29662, 11.052885372213389, 7.124006728045018, 22.75787012777621, 72.06961183441493
29667, 16.012743868852894, 6.655977134846555, 45.098060639169624, 43.848128926522804
29669, 15.941479633648049, 6.6656345267303125, 44.958523950120586, 44.10520965142814
2967, 16.124384641200667, 6.93103318761293, 46.89667979890432, 43.553928396142574
29674, 9.771660970763316, 5.9289144320553575, 14.252386228055226, 79.84169933526503
29676, 11.012649983089835, 6.922492259921627, 22.243727898558305, 71.6567973049319
2968, 15.919614531728039, 7.262186833216068, 46.48426996504437, 45.06856681903738
29681, 12.087636362524645, 6.677763741180827, 24.15714743247571, 67.77837087648126
29682, 12.429974611206527, 6.918141266603803, 27.45877031462653, 65.31302537827236
29683, 13.00989470957946, 6.834679082322024, 29.031568826451576, 62.11740825810587
29686, 13.568354183370646, 7.608636315057976, 35.709866070537515, 58.02977984471368
29691, 10.820860499419652, 7.209300399166418, 22.782739844086652, 72.74062757080738
2970, 13.9263882215621, 6.651065310048257, 32.246806894259535, 57.04145102321827
29705, 12.723482841541875, 6.470541636906904, 26.428292262519165, 64.88119694950244
2971, 9.933457162301549, 5.911587784876345, 14.30736518277235, 78.59663409337676
29715, 14.72398058818207, 6.786291127442924, 39.785608551814576, 49.73623294952164
29719, 13.469859287608628, 7.216315623828112, 32.49677841857321, 60.242516424784
2972, 11.032664116606723, 6.248766256440508, 19.148124031703976, 74.00139210094977
29722, 13.722770475474091, 7.184650660136309, 33.57509400812059, 58.69427809262612
29723, 14.546240288553014, 6.783046955734604, 38.57742626322597, 51.01672992515002
29729, 13.669558385278581, 7.177732616566109, 34.39566082547019, 57.93589661296189
29730, 13.191388386820554, 7.251226953801413, 32.4873313519639, 60.40325856871004
29740, 16.895879673442067, 6.670521229067111, 51.489339867101116, 37.754316648279755
29741, 16.869994633776862, 6.656260999632821, 51.25799464246805, 37.85391112649158
29743, 16.868601074974716, 6.663944471512734, 51.28271040049355, 37.766695799701814
29744, 14.837254813091343, 6.599552744793489, 35.14240270959917, 53.30060760015104
29745, 15.832941719777716, 6.683462135719768, 41.7369556192347, 46.47171397037232
29746, 15.898930255076856, 6.664449036724322, 42.17287575701963, 46.01965702167574
29747, 15.853772755977529, 6.678933560862216, 41.86058327405752, 46.3255766690377
29748, 15.822064414269992, 6.838820490258238, 43.54168794471113, 46.00994110237293
29749, 15.793338827403746, 6.824434648305698, 43.11305800337487, 46.268046157255114
2975, 10.773772948012768, 6.2345727512798295, 17.915302189846063, 72.543384793602
29750, 15.810791176336137, 6.834707711228254, 43.35268974677724, 46.13694804420755
29752, 15.823055309084904, 7.000109507739077, 44.31230128640034, 45.67319844088811
29753, 15.607771318900449, 7.072973029006631, 43.11985459210948, 47.21479739121138
29754, 15.817802815617878, 6.991547153234656, 44.23192189352265, 45.57587543455386
29755, 15.852013773920755, 7.017045406402766, 44.44444444444444, 45.51881474407438
29758, 15.299788970036456, 6.9639562734800275, 41.101490490820915, 48.58568417845263
2976, 12.50383338978339, 6.581662747464344, 25.44465030106531, 63.72626215840667
29762, 15.337898941403969, 6.939959359896539, 41.22517397267232, 48.430436328541674
29763, 15.663514752291121, 6.722928249765158, 43.30660789603678, 45.55230459398867
29764, 15.854095075541895, 7.01285596105331, 44.488022047911805, 45.550667797328806
29765, 15.862306918080272, 6.982758751168908, 44.40252571383186, 45.61375640363766
29767, 15.105035927616727, 7.069193555752314, 39.758043073650626, 50.62483382079235
29769, 16.975346356828496, 6.47723516312006, 51.28857993506581, 38.006708968193024
2977, 15.68399694291301, 6.149345640796862, 42.58481946151527, 44.62095034901788
29770, 16.92705710616113, 6.465152700597722, 50.97820086442526, 38.31208175685683
29771, 16.935606745413914, 6.468209928802354, 51.06681601641048, 38.17595379154915
29772, 16.00413666705243, 6.633528889362889, 42.939554311900565, 45.3200721860616
29773, 16.009333302202265, 6.648198604147197, 42.962278707162575, 45.18535812895891
29774, 15.59111077359067, 6.656755566313694, 40.41288536333473, 47.89492188358347
29775, 15.891522625219105, 6.637337788099017, 41.93613806670115, 46.182784250499395
29776, 15.348259386272172, 6.952603787617639, 41.344050465483036, 48.37844025029251
29777, 15.316567568269122, 6.944685903926151, 40.999159514046305, 48.65649593765122
29778, 15.30991226990836, 6.940997890732154, 40.97368253361371, 48.69814567004397
29779, 15.321791309292495, 6.967889371851348, 41.21144081851351, 48.37343403158727
29786, 16.60619138515162, 6.884616173358562, 48.61998522188899, 41.262804074122364
29787, 16.376620855852227, 6.869456460248872, 46.850008885729515, 42.81884959421835
29788, 16.5578016109582, 6.855368675501917, 48.40202458423716, 41.40563991323211
29793, 19.061968566020646, 5.242007156281851, 65.62675765870486, 22.389290937043008
29794, 13.48955608061977, 5.748958876370305, 25.868742111905764, 63.98822044594026
2980, 10.730225197063284, 6.06847396788162, 16.979714500375657, 75.54000751314801
29804, 15.76581072718379, 7.164267932958337, 45.151363343591214, 45.40900307736349
29805, 17.47245318063646, 6.794633702994182, 54.84100989835753, 36.08005704547927
29807, 16.699886184486928, 6.732571301249083, 49.63370430876047, 40.273381662242194
29808, 17.534041455520498, 6.832113536880992, 55.39520720243611, 35.73655260402248
2981, 10.026519344666989, 5.697953698367983, 13.252579632122027, 79.80484522207267
29810, 16.64709670775762, 7.4044386806308236, 51.496081176657384, 40.86834774324851
29812, 16.95947360692948, 6.69228956790531, 50.884570972386555, 38.72154190485694
29814, 17.908013084207237, 7.036319845085876, 57.84752711307534, 34.354374436658624
29816, 17.19210908001098, 6.630230562068643, 52.791732863869925, 36.53942490732391
29817, 17.08125851794067, 6.591945121449353, 51.528988712738474, 37.38637823028297
2982, 9.602940504720356, 5.618690417739371, 12.346151249915623, 81.88016110523591
29820, 17.392923016527636, 6.671263739498185, 54.217883827428295, 35.9472161966739
29821, 16.069335777632666, 7.104812001693035, 46.66361368539028, 43.795418117837045
29822, 17.462806265756893, 6.651426572395195, 54.646643322142396, 35.46562699300868
2985, 10.873063866135274, 6.209728710581994, 18.454367026496566, 72.72080471050049
29851, 13.261654681945856, 5.676525356011768, 24.451286125732448, 65.46330320786574
29852, 17.409110828212004, 6.539317860836659, 54.39116610810346, 36.02302999054739
29854, 13.197476321134312, 5.6776730190129765, 24.28798253448447, 65.723925771559
29855, 17.715078611752375, 6.420693933993204, 56.547619047619044, 33.639579020013805
29857, 13.261420088262643, 5.691311727455735, 24.693999402925666, 65.32988357050453
29859, 17.57241135971072, 6.439760803212032, 55.46756674888571, 34.78298498420529
2986, 15.972752401063744, 7.0014003759681085, 46.05482938727894, 44.499827663918126
2987, 10.391323677972327, 6.18348558957182, 16.73409419981262, 75.1469210459075
2988, 10.186610903335646, 5.903647996344147, 14.242469146256271, 77.579965706302
2989, 14.423234185011665, 7.340722610265464, 37.85053512279452, 54.12856143684759
2991, 14.4596739530848, 7.514442476010186, 38.72038351617959, 53.80947990886222
2992, 11.48719553926077, 6.256079354633913, 21.39871040884291, 70.66770589763574
2994, 11.360810964086916, 6.224942370153098, 20.489455283635955, 71.48979361678133
2995, 9.11255491790325, 5.835126338917333, 12.625050020008002, 82.38406473700591
3002, 17.07403164781575, 6.889838111462897, 53.421388171445386, 37.78511568095379
3005, 14.51839894741437, 7.279181970440658, 39.09487050459845, 53.12041626963308
3024, 13.746616759259073, 7.087943797211633, 34.04922023766481, 57.160074240123414
3025, 15.36975916094579, 6.928174466485256, 42.70931453023656, 47.70837258120946
3026, 15.300926439132551, 7.009565697217116, 42.06068999965943, 48.74044978260129
3032, 15.404390261656397, 7.108894441252683, 43.11158585055644, 47.756856120826704
3033, 15.330874751216802, 7.03391193725199, 42.48514190670918, 48.071361223819565
30373, 18.64500881636163, 6.432672447917233, 64.38498490423048, 28.314040899145592
3039, 9.263511282199532, 6.281320722738179, 14.833958221746116, 80.56507766470273
30405, 16.73284294701179, 6.843844388582547, 49.34026725907974, 41.18112356524959
3043, 11.001667567852182, 6.242117354792799, 18.459146872279568, 74.89988807362269
30453, 15.690358617934747, 6.840933380572268, 44.5416628047085, 45.57419594030957
3047, 10.999447084949054, 6.4608963076519315, 19.532589209772183, 73.57009199042149
30475, 18.13842412595113, 6.088078327505394, 58.53030471618636, 30.223649282319464
3050, 11.075490258562043, 6.231383142844091, 18.6106486060166, 74.70424016324692
30507, 11.027707558123575, 6.348690000415118, 18.326730021518483, 75.96763915440667
30510, 13.046526506660529, 7.131923312912436, 31.258852778905872, 60.4574224669909
3053, 11.469933733120383, 7.32108624453439, 25.224622842575954, 68.82165294551939
3057, 10.235727667321807, 7.454241604481546, 22.222768383798662, 73.91982894219426
30602, 16.275270696824037, 7.209209718963784, 47.83653846153847, 42.60568060971287
30665, 14.671832069039597, 7.433903170396669, 38.808147506279546, 52.278735096359505
3083, 10.036001948799209, 5.912770031267745, 15.042943212408666, 79.24411400247831
3084, 10.902750107703747, 6.263566953186237, 18.99628534606929, 74.38556591615495
3086, 10.157327403429568, 6.7830062423230615, 18.505291005291006, 75.39351851851852
3089, 8.618595249180931, 5.314586980915826, 9.915942441943297, 85.50600750344304
3090, 9.633275509514373, 5.793917282754591, 13.313098975115897, 81.05315676776917
3091, 14.922314592044671, 6.48196222096668, 36.953188987126445, 51.15819980259151
3092, 14.38670694907671, 6.837909398992316, 36.358780324949926, 53.62563988426441
3093, 9.59473359121781, 5.580548671958196, 12.415689307041285, 81.21751084761783
3094, 12.625709754718732, 5.874086259949357, 20.91705485642773, 62.52867969130224
3096, 10.88782298176994, 6.915426352167249, 21.67266813799512, 72.17795330468115
3098, 15.868810163955603, 7.300926266376283, 45.83355042637072, 45.998541134788724
3099, 17.36363603548818, 6.349682847618034, 53.52733993583484, 34.543695076021756
3100, 16.063951913902347, 7.113076712001263, 46.8006166226844, 44.2130657817957
3103, 18.441546657903196, 5.840592326624461, 60.684079494096935, 26.03683238057235
3104, 15.478160000275372, 7.295351337786345, 43.525718342871315, 48.09283068579396
3105, 18.843142006937196, 5.700437645251529, 64.15053295627582, 23.87122036110507
3107, 12.06067349531102, 7.307387604914458, 27.85265749411783, 65.53282328560076
3108, 12.150508587558416, 7.090347922374783, 26.63564535773399, 66.36894537959465
3110, 10.932064300980052, 5.40878521349258, 14.165005978477483, 78.33878039059387
3114, 16.018630265078006, 6.846314388213729, 45.787535907429636, 44.38630325425832
3115, 14.355445860925565, 5.930671525584471, 31.507273706896548, 55.36368534482759
3116, 16.165104171868265, 6.936590766668901, 46.87034882147593, 43.79076123724732
3117, 15.862226591625474, 6.6224596824132735, 42.623516886156324, 46.12639918662536
3127, 15.16867013387638, 7.598609962098017, 42.98630796879922, 48.59466770422248
3128, 17.13994321455712, 6.590958221656398, 52.72245354487607, 36.57101501038602
3138, 17.130709749131032, 6.315687993058285, 51.44144395729193, 36.939503104433705
3140, 14.104657098644516, 6.62265389733206, 32.52566539923954, 57.200570342205324
3150, 17.285231548307245, 6.54384783818287, 53.69794270688666, 35.723015388034
3163, 15.310779527110963, 6.708300881923286, 41.52170093129502, 47.45780230911553
3168, 14.157068708059306, 6.924012424902727, 35.90750028555704, 55.020092831999
3169, 16.85325550639134, 6.701960185620376, 51.06732348111659, 38.93577686681135
3170, 14.749206634871253, 6.681880318043075, 37.920301516049804, 51.935292623020246
3171, 13.012037602923554, 6.54566755442543, 28.51079572898147, 61.42826312598272
3172, 18.879354952678543, 5.552684509977626, 62.69315943376604, 25.10858527155494
3179, 8.594266135364528, 5.741301241178566, 11.255429751477603, 85.00747703482162
3180, 11.322818781911383, 7.305262457848785, 23.739655851832392, 71.14409562590306
3181, 12.159635968343267, 7.091256386840553, 25.848103928890758, 67.62478304318098
3182, 11.57023301655574, 7.006402236172416, 23.33964493671787, 70.58982645463475
3189, 15.329013837802686, 6.218408810257915, 38.427766446572406, 46.82246113780666
3195, 15.235719426814194, 6.200089941662242, 37.611082370523654, 47.37253549462551
3203, 13.879138435776165, 6.5233932282565465, 31.922167666848516, 56.82002788385767
3205, 16.92754211976248, 6.42064048067379, 50.556690003889535, 36.97855892648775
3209, 15.461546562601683, 6.66307016239648, 42.559781042927106, 46.99222126188418
3211, 14.41213004121242, 7.742617701454994, 39.541064887332105, 52.80405530408614
3217, 13.236119212869454, 6.519781498725957, 28.70397397940036, 60.786664442683794
3219, 15.196563634753506, 7.37295509394222, 42.28612064434344, 49.41100083480197
322, 17.843468628000128, 7.195588346357613, 58.49405306495883, 34.417200365965236
3220, 11.662795119955309, 7.22380811207177, 25.041386445938958, 68.85238834281773
3223, 11.372010729869105, 7.2300019150651185, 24.872042197832755, 68.99206618177395
3226, 8.19489713029807, 5.493070168046726, 10.06965838296707, 86.29253097829807
3229, 12.626524948276757, 6.186022736023241, 25.46803191445474, 64.09706350712464
323, 13.146375695797758, 6.47133970224771, 28.23264540337711, 61.53696060037524
3230, 9.531943113756855, 5.96966929336307, 14.54632448890822, 79.967812092214
3231, 13.844438080553271, 7.474391172520414, 36.620687852356596, 55.05868616191629
3232, 10.371013589678821, 6.533487976110973, 17.506056244075413, 76.14454235859986
3233, 10.575130558461554, 6.669483190114838, 19.219449641573295, 75.27801719607308
3234, 9.970975974531207, 5.7365115760014955, 13.470444955230024, 80.2128717966311
3235, 8.974523838605071, 5.5202166927708936, 10.94531229760887, 84.27070110446189
3236, 8.680136162929305, 6.1459776282902965, 13.74030252577137, 82.52771972085444
3237, 9.48716864207388, 5.6759145304797425, 12.201057026493968, 82.25851896756346
3238, 9.73005360545168, 5.995930660179256, 15.032142643143901, 79.2515172525958
3240, 13.761652924615548, 6.668503973626418, 30.322586696933595, 58.09187013985948
3241, 10.80259285989799, 6.695661247612795, 19.436882948035592, 74.4777150286434
3242, 10.257133368470093, 6.205529686880724, 16.285641735540572, 77.73481975377408
3243, 10.062779548028013, 6.47891664509482, 17.39675612298072, 77.32705836373111
3244, 7.998884266254706, 5.2679072284719295, 9.035739474159, 87.09508110679197
3245, 10.123242369123032, 6.44002624372226, 17.59888713163146, 75.99301145161424
3247, 10.327262315762596, 6.724587398691481, 18.596279473578335, 76.88276212559158
3248, 11.511953859159721, 6.50494418392288, 22.391426479851546, 69.28105687873473
3250, 11.520487733286588, 6.535025650855673, 22.52070530517355, 69.18777083564817
3251, 9.185803244298883, 6.423479865140029, 14.99024061778168, 81.03952336711473
3254, 12.63686146272518, 6.23901691803992, 24.751984945775078, 64.83881084828576
3255, 7.76994938400308, 5.098575094460251, 8.164313222079588, 88.74684608915054
3256, 8.944470264043135, 5.635057985181402, 10.95901181074848, 83.92620029352156
3258, 10.021781989561887, 6.333765582263361, 16.974712000209934, 77.37113266796707
3268, 13.415757925074345, 6.709689584840181, 31.929057456582083, 58.02811827032516
3269, 12.508724184270118, 7.893849722042485, 32.71867122483511, 61.3712490072171
3270, 9.656018359101148, 6.228260206492717, 15.36887545866609, 79.99913662853443
3271, 7.974563149071675, 4.877873138320148, 7.357053074417054, 89.12859451555806
3272, 12.15552308731528, 6.565067168892926, 23.593510542725785, 67.59393330867198
3273, 12.343008415030216, 7.81101945753063, 31.496035427351178, 62.43107944898566
3274, 11.18179199924221, 6.17027687213576, 20.125200839354857, 72.74203885967145
3275, 9.033370362811807, 5.449509016567728, 10.593540674062483, 84.31758645545808
3276, 10.549874522237523, 6.474807802927139, 18.408964592800864, 76.66247098440515
3277, 13.013954651653963, 6.880307520739359, 29.83039332249533, 62.28859825783126
3278, 11.569104244366473, 7.093685120079868, 24.387425437204495, 69.07790337149972
3279, 11.242201063244703, 7.290958299429901, 25.140039753220268, 68.23356307596995
3281, 11.935800049999692, 7.002859965941536, 24.491269585794697, 69.40135545444264
3282, 11.614205019540229, 6.074319707782617, 19.755404357936442, 72.14968564292481
3283, 9.305952599562252, 6.366561329251215, 15.3194717337777, 80.25095132688338
3287, 11.450209063648556, 6.2829074756163354, 19.993150098467336, 72.78509657137965
329, 10.509102758447819, 6.4472245390476965, 18.223190253576995, 75.18858903527412
3291, 12.568280019935457, 6.062172908883849, 24.60578126984703, 65.90212125061242
3292, 13.317234937747788, 6.544365812162869, 30.284896688128605, 59.198754366031224
3299, 11.548938295520845, 6.517832043111723, 22.895510240991094, 69.37288058959172
3300, 12.722095654646324, 7.4682697360348635, 30.367234049818176, 63.07940518669012
3301, 11.307486598440429, 6.095393237388358, 19.70483738726428, 71.45605146425042
3302, 12.574012292109128, 6.433644474625258, 26.721802367032655, 63.90233264273911
3304, 12.48091131317461, 7.016720798880161, 28.101060883643648, 64.07225938392058
3315, 13.169135497942591, 6.7671952605456, 30.077250740018773, 60.47397299833946
3316, 13.037145538733556, 6.34281537336304, 28.161244337975422, 61.564869720715635
3322, 17.19824176603808, 6.790391216488291, 53.97408842454854, 36.11966373763232
3323, 13.007146858755231, 6.657267597932133, 27.126240799513806, 62.18515767438719
3324, 12.418775334569863, 7.186387003178101, 28.32227665908718, 64.46470850230901
3339, 11.422101158908537, 6.162042560539757, 20.107250061423095, 71.73469496757929
3340, 15.99385563398966, 7.287449981125203, 45.83278605708512, 45.82874463248295
3341, 12.659190625681264, 6.626906606343415, 27.734950194889564, 62.90493720225206
3342, 13.29137336574519, 7.110707938613455, 30.530102160180927, 61.88684395227326
3348, 12.471175150276844, 6.68685937803078, 24.938337971161143, 66.7183152036428
335, 14.847114311166173, 6.620882215330042, 38.27098139663528, 50.96023185059586
3350, 10.281400300635513, 6.0624542901779765, 15.97046781078491, 77.35103231988849
3352, 16.036517638786005, 7.2512172205867005, 45.922733786811456, 45.70575056011949
3353, 13.322706680998438, 7.273338218223861, 31.810011731657177, 60.552571816039006
3354, 13.613717609773694, 7.064999288014657, 31.95346743894803, 59.9992172824045
3358, 12.473893080133541, 6.599643819088574, 24.694388142893338, 67.08101089435013
3360, 12.533235978937393, 6.6220077137332165, 27.152857795073594, 63.49544535513185
3361, 15.97145115437526, 7.29106686362485, 45.69430426848539, 45.938975033387365
3363, 13.300633199348471, 7.128946310414694, 30.646150194814187, 61.78971934890528
3367, 12.489647774713717, 6.603718689015797, 24.795601470401827, 66.70205349220434
3369, 10.256536537816272, 6.066092577085436, 15.923955698962239, 77.42325804482428
3371, 13.737631294408635, 6.343076767040835, 29.4777743569055, 60.12230208189568
3372, 13.582057511400562, 6.868263234696773, 31.67965190873761, 59.25733092842931
338, 15.258098745084938, 7.747048312044987, 44.49318144021287, 48.264177615167135
341, 16.319657628007135, 6.5501640398317695, 46.51281667664073, 41.89357670057849
343, 14.644607085082662, 7.6396876369295175, 39.57608759295041, 54.09801510627086
3448, 16.103179414821522, 7.002059605715436, 45.72743301939535, 45.240399088289685
3450, 17.29499494359407, 5.735829256523474, 51.782454222465155, 34.94069417873736
3451, 15.555250428763175, 6.200155249453092, 38.80882097586387, 46.89587312612144
3456, 9.763338009979062, 5.945355629818405, 13.780399791879963, 81.35815108843423
3457, 17.689900574424062, 6.9726416538217295, 56.646532042695505, 35.632387258742554
3460, 17.417007631772762, 7.189228812213963, 54.27093540363307, 37.88347026456621
3464, 8.715888086470711, 6.183786333330423, 14.32558969099746, 81.58558879921523
3488, 15.534959665453282, 6.979427308609387, 42.80865590237586, 47.69967236271606
3490, 14.835948814852918, 6.868821427165681, 38.246667844453604, 52.20344306381642
3492, 13.266718246323993, 6.943649350981477, 30.63998489711157, 60.771595781979016
3493, 15.691435068168898, 6.636722193593718, 43.513747962777984, 43.57289311813259
3494, 16.438687981819644, 6.565284801779281, 48.57873642020884, 41.310252083113596
3495, 15.484911872274763, 7.043331107789775, 42.66094530878631, 48.2868044760204
3496, 17.64892238544873, 6.295186576686157, 57.64517765717009, 32.13050229855015
3502, 18.25667145030967, 6.623151898340254, 59.34619875008585, 31.695625300460133
3503, 18.50347227169461, 6.546613836005025, 60.65590099231793, 30.297446368763776
3506, 17.855057506007938, 6.762184316015492, 57.8863962759372, 33.16991036497796
3508, 14.190623663917119, 6.876767137798994, 35.43494580772298, 55.42978463848356
3509, 14.08322744085899, 6.72251302122754, 34.08659019621311, 55.21899397852417
3510, 14.277268156131376, 6.689438855064649, 33.797794922968336, 56.52396135030545
3511, 12.647673099886044, 7.500166728618145, 30.451650520272693, 61.95281664872623
3512, 16.611626756994454, 6.905352129661477, 49.578515563369166, 40.028624878851396
3513, 13.770383656113587, 7.352422196932707, 34.34278029586093, 58.056482542212485
3514, 15.59504446446039, 7.295995418682517, 43.98179674135096, 47.713796940656714
3515, 13.857916890643775, 7.252315606973892, 35.327421213487646, 56.664495549209214
3516, 13.968848143680646, 7.118088543944753, 35.729585995494325, 55.64501237212395
3517, 14.794211363079885, 6.967448425110173, 39.70807409335005, 50.237751650067416
3545, 15.093125501940596, 7.032980936880751, 41.02702556764491, 50.090445206404056
3546, 14.864114455167407, 7.045353200312498, 39.963725941365965, 51.17484637665467
3547, 15.527517660959635, 6.94029368627223, 43.30722494692921, 47.39477344264695
3548, 10.647802042587523, 6.620747801865636, 20.56547194059689, 73.37426817078395
3549, 11.78513751906445, 6.180434295243822, 21.794372294372295, 68.85714285714286
3562, 12.334313197571921, 6.770930304855802, 24.81530363021284, 65.48339628938545
3564, 11.512724871811018, 5.664615072587935, 16.34077141323518, 75.26838432635535
3566, 13.285837826766263, 6.679042081008168, 29.50070372486448, 61.300706511893644
3567, 11.812779372732159, 7.1066674680916595, 25.028528816929736, 68.60135356525473
3568, 14.047206731740879, 7.055012615184019, 35.16600028103164, 56.226766986446606
3569, 14.295574105476117, 7.113166062953036, 36.62794396447521, 54.90183604137773
3570, 13.596700824356105, 6.603468038965853, 29.734520627622597, 58.430389563627806
3571, 13.810528803103374, 6.916525037711727, 33.29005256722175, 57.58568961387673
3572, 12.328885092649365, 6.762235831546929, 26.349755042152644, 65.49700330755266
3573, 15.46525056175491, 7.098759786229084, 42.746564942039186, 48.3661098971643
3574, 14.45561595526862, 6.628082496753559, 34.73126399666684, 55.57523045674705
3575, 14.759851081147774, 7.004917872337043, 38.96275795680164, 51.516755911196675
3576, 14.812998401265222, 6.905196351829876, 38.20448757987796, 52.53567481862298
3577, 14.9967380400741, 6.849862221326418, 39.07161100669847, 50.7830947906125
3585, 17.363193546241845, 5.822177122614397, 52.685754435271384, 32.382457989343635
3588, 16.020571912132958, 7.144507235833644, 46.62680424972751, 44.653716474315225
3590, 14.713554725266397, 7.291795737328859, 40.37356537394044, 51.404995874278
3592, 15.91041002440074, 7.229054013103544, 46.27766407161575, 45.136670556055016
3594, 16.293964192101495, 7.086419384890036, 47.857967550487146, 43.14650894285888
3596, 14.250188892423418, 7.404611221395437, 37.812733199795765, 53.65068143435058
3599, 14.395769653304834, 6.988037430112743, 36.77076868516713, 53.932086177852646
3602, 16.080740819126056, 6.873994857944947, 45.748626863542334, 44.566302874670086
3603, 16.006919426582968, 7.261728253914075, 46.68772492567673, 44.769011109372556
3606, 15.663563536967542, 6.867473024618483, 42.950482763969134, 45.87808755671022
3607, 16.671481311583808, 6.683551880559025, 49.05211421438602, 40.48408488063661
3608, 15.13905473982567, 6.887477027258922, 42.27417361923611, 47.63539741725258
3609, 16.13523537729401, 6.691098358466302, 46.648412065285356, 42.417153575817686
3612, 16.992774091430086, 7.398073149745973, 52.876184158703175, 38.83004083663274
3613, 14.488840757237037, 7.391386428654241, 39.319427606287626, 52.69876796501808
3616, 16.387665240186923, 6.3499638980274975, 47.84021850460908, 40.64458859679071
3617, 14.289318303958094, 6.804484623798851, 37.00060616079793, 53.01840524604617
3626, 11.430257500292777, 6.55293453376824, 22.281228865705067, 69.92028559708194
3630, 11.003098681555803, 6.682350651710966, 20.959959273113615, 72.64658358972089
3631, 12.23678315173652, 7.004203636256805, 27.43995851893752, 64.0434608404629
3632, 14.265466266594238, 7.1050730738274375, 36.84151321191941, 55.409068922460825
3642, 14.540410213208828, 6.208276355711054, 33.568430617454894, 55.17177967201765
3643, 14.315583260956434, 6.244673912041162, 32.81544154242313, 55.98316491030663
3644, 13.170816635443133, 6.778118109402525, 29.40292313041918, 61.39359064957207
3646, 14.498959002392827, 6.19121678324143, 33.289037262718914, 55.546192158515105
3647, 10.420626202120658, 6.404238178646254, 18.15445554875109, 75.0127040796383
3649, 15.579463386066037, 7.2212221662064895, 44.454243739410956, 46.255251003783044
3650, 15.411217401638664, 7.064285663691812, 42.54815745393635, 48.19095477386935
3651, 13.309221041699335, 6.658675188173408, 29.57031835406453, 61.270847160076215
3652, 15.807230962622976, 6.949171559878217, 44.45448287730167, 46.106522113233524
3656, 13.599820762280688, 7.10978079505188, 32.62250453720508, 58.91048533458228
3659, 13.655948510972715, 7.061655642853234, 33.414331700840464, 57.758933827673886
3660, 14.138828047398963, 7.011347134648785, 35.41520935345258, 55.303787348855806
3661, 15.059221869602771, 6.375165770159856, 38.539696062341044, 48.3318508124632
3662, 14.613523917487834, 6.652656221589113, 36.20794878501414, 53.53659903598251
3663, 17.314784049185725, 6.578135070180254, 53.88997255355509, 36.19478344927586
3669, 15.597977238832495, 6.91314128134203, 43.875515047047855, 46.147034863815065
367, 17.08654758488644, 6.003694613701576, 48.62046204620462, 37.34533453345335
3670, 14.651482347629546, 6.8482776722171765, 37.56972312662477, 53.06781757148986
3672, 13.334609405347706, 6.975883084220417, 31.34444864555001, 60.495920184414985
3673, 13.477743917911903, 7.19067651208024, 33.379048800267135, 59.151838954348136
3675, 13.545739849133863, 7.0186836167860625, 32.01740043798369, 57.965456761497066
3677, 13.327651903983739, 7.750070265388455, 34.66763106007312, 58.499707709532636
3678, 13.14592875120483, 7.6079596097833155, 33.3640067098011, 59.54948478312965
3679, 16.24397019420012, 7.52802935041548, 50.051917525302656, 42.76977144878422
3681, 13.441892620027883, 7.201076580643891, 33.17693624780414, 58.92797580663094
3699, 10.86831853797182, 5.573031522082857, 14.292658496346924, 76.89724251708697
3702, 10.708530877871805, 6.331915444973098, 18.174003260708464, 75.45575811471765
3703, 13.938127526921825, 6.986219591405678, 33.5834220066009, 58.02207513481342
3704, 14.025349764591876, 7.394592472305371, 36.458640077248106, 55.74190367270909
3708, 16.997978214072113, 6.342086075813027, 50.580200754513605, 37.5909458367017
3709, 14.1336347647446, 7.074500256086322, 34.94239324689152, 56.49454351876497
371, 17.667352845514884, 6.494593427331332, 56.51683198402535, 33.81047468148373
3711, 14.353802830235468, 7.170756303739191, 36.99791403900262, 53.721985058697975
3712, 14.256171610042896, 7.175961485298086, 36.29277208827245, 55.33514322321677
3713, 13.436317041525424, 7.287944998581853, 33.214491008129635, 59.03087619412586
3716, 12.590414439915659, 7.600151857629252, 30.94865746017441, 63.254433164577094
3717, 13.041748725650958, 7.188408177429617, 31.211243946460804, 61.20373845136618
3718, 14.147280235974332, 7.390110981079576, 37.18095264170186, 54.920978240781935
3720, 14.742434094924555, 7.349148561812502, 40.07219744431511, 51.462913794681974
3721, 12.871268386367332, 6.70489622791989, 28.12898945527287, 63.10350720238035
3727, 12.869321274734292, 6.11182467134938, 25.129227888802962, 62.89328014978225
374, 13.83372601694636, 6.548492981738917, 32.655161580378525, 57.02167766258247
3747, 10.815653674265308, 5.806040332356848, 16.573380437558527, 75.70975568230186
3748, 12.887843988515366, 6.676694228762064, 28.284266829013742, 63.02400417463907
3766, 13.073275311428244, 7.016496691713254, 29.87403750153863, 62.438283846437905
3767, 14.437833139693096, 6.680168590102572, 36.2150469860188, 53.49816639926656
377, 14.977870835927089, 6.811662217049405, 40.8216076338347, 49.32017898539005
3780, 11.051847723771386, 6.328753513653299, 20.662009672219238, 71.94841483073617
3781, 12.844714155443702, 6.675925007279336, 28.03383770112938, 63.3770112937688
3801, 13.14529093283828, 6.879853839170522, 29.538158626888674, 61.71938535290844
3803, 14.082193968518412, 6.617938854649103, 33.837762119025385, 56.02130910943204
3806, 13.506627771513031, 6.810006385995093, 31.225981358040215, 60.00363336547464
3807, 14.893176266935864, 7.055773243465391, 38.99676605929366, 51.892638867123495
3820, 10.202117657941157, 5.986873614889676, 16.63937111038323, 77.35123921825526
3821, 11.081665469310801, 6.211312726592253, 19.082059584130523, 73.92931480352375
3830, 12.384146585377804, 6.0787278322529374, 22.272270145469484, 68.96131673253161
3832, 14.852469915401882, 6.939443554549165, 38.43247815054976, 52.13560755568085
3833, 16.368262779654632, 7.513809553307769, 48.57576733698403, 44.37899774515669
3851, 15.530523811941988, 7.006734157584263, 44.085254051659426, 46.723601146893415
3852, 17.932281584044674, 6.245578869332844, 56.93133215837272, 32.76680773677889
3853, 16.860410866718208, 6.296084206374336, 48.619354539553, 40.396921079476954
3856, 16.49731955257307, 6.114271347362884, 46.71900224747555, 40.783767528726536
3857, 14.126513937724354, 6.772155072778426, 34.06792557238708, 56.01162066818842
3858, 16.565952292287026, 6.5864047324037776, 48.42576155648655, 40.56522047859121
3861, 16.8039853469251, 7.408475052887132, 54.77469556425023, 37.6568338682024
3862, 18.318467638653036, 6.420863678766464, 61.761770301050134, 27.283894798802283
3863, 15.79483695186855, 6.856811876143157, 45.424333166011806, 44.677444480985926
3869, 11.427014899103245, 6.403585432084843, 20.109458901280462, 72.56505576208178
387, 15.459885809043687, 6.182335609550869, 39.04206310623423, 46.12936083524319
3871, 16.01209743343675, 6.843513244237537, 45.727237022975714, 44.40662433723899
3872, 14.281411884220162, 6.727661796505482, 34.70369431059261, 55.89990700820019
3874, 12.863872989617596, 6.264179851997615, 26.317196561510304, 62.750380454900665
3877, 16.054368435639347, 6.322655432899123, 42.387390106021286, 46.63427686241374
3878, 16.990153770429107, 6.314797396491102, 49.97128203061234, 38.49114781189226
388, 12.690254373817307, 6.51022027428373, 25.527636816260653, 65.40781572720185
3881, 17.432306865993613, 6.464670821428158, 55.620538165842945, 34.06507413509061
3882, 17.389884615080163, 6.569311733272285, 54.45448284244216, 36.402922389228756
3883, 18.132372463882405, 6.2775168705928435, 58.55676488806301, 32.18004306403563
3884, 17.757268077800656, 6.387109721824586, 55.49856332074755, 34.354444206976794
389, 14.431700099172591, 6.797524134034362, 34.785873622368975, 55.422179031296245
3890, 15.81343886549293, 6.386964730801305, 42.40997838748672, 44.17561082823547
3891, 14.078375775772178, 6.600658568274465, 33.734226560018485, 55.337703213883515
3892, 17.809574647500725, 6.614253145437979, 57.03598809932486, 32.74974253347065
3893, 17.92776322525816, 6.606430339876716, 58.062101429455716, 31.989289878647416
3894, 17.893502578913502, 6.615414273757167, 57.72279914865657, 32.25820275115346
3895, 16.037624390658582, 6.651887989165525, 43.42715703807376, 44.130834823626984
3896, 14.000789742923113, 6.115689625057395, 30.262370959773254, 58.118157942637225
3897, 12.751030693922145, 6.122969977132756, 24.707391997511372, 63.848815958315505
3898, 10.42471821601245, 6.660184207606419, 19.96733678111755, 73.76249173698332
3899, 14.89377016371586, 6.105655462237959, 34.8948684398036, 50.97358431900918
390, 14.638265132123106, 6.700296845015896, 36.73371409651519, 53.728995944044364
3900, 14.460245927167662, 6.1585952636276415, 33.406232206635956, 54.82426626636989
3901, 17.012742208775574, 6.386173127230693, 48.93283601419432, 39.18848913409486
3903, 11.509557783879606, 5.909970076262796, 18.745813691913003, 73.42247273370657
3904, 12.7664802207332, 6.775583870247752, 27.316537777385292, 63.55355948881628
3905, 15.001746178469592, 7.013482486081285, 40.634300126103405, 50.67213114754099
3906, 12.998828382515052, 7.367844869188754, 30.70912779927159, 62.72258698693148
39092, 13.062470455674124, 7.389279689444064, 31.601362862010223, 60.858668588651554
3911, 13.937020821233432, 6.447563198560894, 31.609343910695365, 57.293470115506864
39119, 11.461665544551078, 7.64757019600294, 25.784451648418866, 69.26264603339654
3912, 13.802691496112079, 6.184320472952865, 29.356693341620698, 59.74801232745448
39120, 13.708163013945455, 7.125517098045945, 32.96430395023906, 57.95966207120642
3913, 13.008525985007829, 6.5208928600621165, 26.933129755188656, 62.9159981367424
39146, 15.878553183222172, 6.842242670611453, 44.72068235813416, 45.487945785244136
39147, 13.090048900798408, 6.285370654029209, 27.52476323271101, 62.85062383427196
3915, 14.307194086392386, 7.24508034724474, 36.58103285804767, 55.09709112817265
39157, 17.222730692405417, 6.6811765882881655, 53.274539477117365, 37.00620988362991
3916, 14.639085310013414, 8.339865272212991, 42.80613026819923, 51.7088122605364
39162, 12.938523856886356, 6.297213683561043, 27.261866383479035, 63.27536836516033
3917, 14.329636471631186, 7.045750455575817, 36.71047539879323, 54.62428159889928
3918, 14.215578485141016, 7.405567010628014, 37.230553287787, 55.121098841289616
39186, 13.494113293516861, 7.196092119670664, 33.7000837000837, 58.09325809325809
3919, 15.994393380109388, 6.603987167705388, 44.070791894018555, 44.642235207615805
3920, 15.039810523653218, 7.149178626602057, 41.04172594872856, 49.71803295651499
39204, 13.615074147466942, 6.909020631968783, 32.34630973947269, 59.25921098932607
3921, 14.147760879330363, 6.8812049707550855, 35.273418802313095, 54.78854836414443
3922, 15.221101182135213, 7.269020348229531, 41.70920562087754, 50.29155912436669
3923, 14.725619194482725, 7.5092595865419804, 38.63854889425951, 53.36269847457187
3924, 12.937037947040444, 6.3445593981394515, 26.846463887196897, 62.88409948030741
3925, 14.686570446985371, 7.246892934346591, 38.56682248436428, 51.62961140533751
3927, 10.112725078546704, 6.646317543286155, 17.55008553775679, 78.25220206704464
3928, 12.299874982945989, 7.078019452406891, 25.960342430672423, 67.15006951049975
393, 9.380063070010909, 6.2052760204120245, 14.634368123374616, 80.46811064433412
39307, 14.52757239683329, 7.446395990804686, 39.59946303696304, 53.1070492007992
39310, 15.279295874751535, 7.16651634039804, 42.53515366950832, 48.678788260089966
39330, 14.217016300577146, 7.903034463946204, 38.92993831108137, 55.2583161975226
39334, 16.36854957145083, 6.8690807471536495, 48.602705449996094, 41.35819845179451
39337, 11.093918989394984, 7.278877054334558, 23.886187933370525, 69.91768094820617
39340, 13.455342029780116, 6.9928634450698866, 33.13516841086976, 57.002902119426615
39527, 15.451875808288959, 6.781774250180322, 42.48019078390645, 46.08816062774059
39549, 12.849796873942806, 6.1979941149036275, 24.68452688985311, 64.96954739062936
39621, 15.879416241156397, 6.805412701888815, 45.88859416445623, 43.89036251105217
39659, 13.992223252024393, 7.975780060963187, 38.511561646726726, 55.386421495561336
3974, 16.651212881628386, 7.141367785358633, 51.213456959011, 40.340477276181794
3978, 16.7248113159559, 6.783929327764219, 49.31514415111013, 40.90448838322472
3982, 17.077141609898803, 6.9296269969110655, 52.386163534526496, 38.970522399196156
3986, 17.4307941648132, 6.454394451967125, 53.42168506031405, 36.33542546489652
3990, 18.174574152865787, 6.344023040539044, 58.081712592034016, 32.01788837569779
39929, 17.94784414108424, 6.376705638261648, 58.578470599532665, 31.479466086232833
39940, 17.83881502984798, 6.4810016441262706, 58.10565243727485, 32.14684222271814
3995, 15.184734770635284, 6.912368662365332, 39.23151113699229, 50.042764594555244
400, 11.364717724287575, 6.461611750751901, 20.812593854927698, 71.87811092176084
4000, 16.924843799749887, 6.780755867364038, 52.496806702404776, 38.077182254317236
4005, 16.275631769407312, 7.019777222133396, 47.18203521945845, 43.81618952394556
40078, 12.722646583788285, 6.511354307920507, 27.395712390114447, 62.44505722342013
4010, 17.09874413975691, 7.14303900008985, 52.98856831790963, 38.66739248775177
40141, 12.946749931891958, 6.467785167910569, 28.480180923565907, 61.26544624756782
4015, 17.00906011670392, 6.731983004864514, 51.79902279831694, 38.21445268455453
4026, 17.129779680398507, 6.84477995823271, 52.74793228723815, 38.130942258638015
40326, 12.689593957404371, 6.852500653530992, 27.457675975919376, 64.96114061443285
40334, 13.031127360797871, 6.984226169949735, 29.024612143267575, 63.06143459107451
40346, 12.664713789146647, 6.986018059499479, 28.01604716625662, 64.66852849258593
404, 16.355200665943137, 6.966408697168343, 48.17536875414689, 41.57096922370234
4041, 14.21389907776136, 6.67152514662433, 34.47178124934118, 54.66341998186917
40496, 16.001388833867075, 6.6092170832182955, 44.71649484536083, 44.5305898259253
405, 17.246769775387527, 6.960438442187035, 53.60476343739941, 37.79503272181097
4054, 19.356554878843433, 6.264514610959374, 66.33114665360674, 24.464177546364912
4067, 14.685249620430632, 7.280737408845269, 39.46446069194241, 52.17079972865003
40684, 12.756431659557219, 6.337081020028688, 25.12732392033456, 63.835866009689035
4069, 16.561739767913636, 6.6548599241074635, 49.59577567370721, 39.51930080116533
4077, 14.53791712220201, 6.930179041132458, 37.02235122040406, 54.16171496480483
40789, 14.893546617642762, 7.64780533675926, 40.82624064456249, 52.38847528584688
40795, 14.866641818007478, 7.576696737776766, 40.2268096404388, 52.903039907794266
4080, 14.814586784870876, 6.88282593132345, 39.08330571423001, 50.63653909890239
4081, 12.874556085510502, 6.7393557905121435, 26.57758874354653, 64.33405558676404
4082, 13.775197770130362, 7.298992516023797, 34.532394826046456, 58.067737691694596
4085, 14.14967136452038, 6.854749852146465, 36.57925853794255, 54.59240453502121
4087, 12.407015190251375, 6.564255178454497, 25.047373459141614, 66.49182441540175
40896, 14.987133437084958, 6.7461399961575195, 39.62001207785571, 49.9899351202366
4090, 13.618020872964118, 7.066769488498077, 32.27835503005693, 59.90153535836087
4091, 13.232606472857665, 7.207305963173417, 31.251228300032757, 61.5509335080249
40911, 14.923341455266874, 6.75756288212187, 38.87782411153295, 50.777992157839044
40925, 14.153760494358385, 6.884608043964144, 35.05909476697787, 55.169050303391145
4097, 13.30284741223339, 7.049769596040635, 30.93822967522819, 60.734922993466824
4100, 12.17326032241443, 6.575790529897387, 23.928387219371828, 69.14515297119743
41006, 8.893950706113277, 5.9913179503715375, 12.884604985670252, 83.92635051100416
4101, 14.358218986554604, 7.363860469072122, 38.38767001572005, 54.47337844303192
4102, 12.68761978699907, 7.002714030588782, 28.080452024260016, 64.10865170286662
4105, 14.98288092909174, 7.0496755944644285, 39.16252341582276, 51.83594135128664
4106, 12.353074847432753, 7.103350996350112, 27.157537505153982, 66.06457547020203
4108, 14.934739276806155, 7.194548533246451, 40.2115940584189, 51.161399661050744
4111, 12.345615220566472, 7.067306675919056, 26.864439080167706, 66.23470122390209
41112, 16.838763613235777, 6.607029569152649, 50.566958037562536, 37.62539703824138
41233, 14.644561777913804, 8.074371086849167, 42.82929489834052, 51.77815710000303
41240, 15.985684904776836, 6.555903820511349, 45.44208998548621, 43.262699564586356
41277, 14.847862974741513, 7.045227193646764, 39.361702127659576, 51.51043757527097
41295, 13.478481365957773, 7.477031274805001, 34.016537066328226, 59.26255671001412
41333, 14.891848449992906, 7.151256117637985, 40.111856518840064, 51.30567311225115
41344, 13.079786378038252, 7.652626321208676, 33.22933389876715, 60.06421712658649
41380, 17.85019722497103, 6.9802011787300415, 57.327339760651405, 35.13140513791132
41396, 14.144626541068476, 7.267987470679454, 37.326929782136794, 53.98103679042616
41652, 16.566644359475053, 6.978826287377484, 50.466769214448625, 40.764069378878695
41656, 15.041155887410838, 6.86519843072658, 39.62232096184004, 49.873235755358074
41660, 14.944994967925288, 6.94882087718798, 39.57233438569496, 50.31836149948267
41738, 18.758170027162848, 6.224090529629624, 62.54177180658801, 27.648957693968946
41739, 17.893719893058492, 6.247930181546784, 57.98394391677974, 31.58977838082316
41740, 17.896129308887073, 6.244236834368209, 57.9439782907361, 31.54315170370034
41815, 17.888314742125146, 6.248520718695614, 57.902197840192706, 31.586893634676777
41828, 18.201556815242455, 6.392153587178885, 59.4439641443327, 31.057469172316516
41834, 17.90695503806035, 6.250472801085939, 58.06580875618245, 31.519051108261586
41997, 10.360402934123307, 6.767054740642807, 17.268762974211796, 77.46353288657927
4218, 16.910108498978996, 6.943501367656394, 53.01201124456938, 38.604651162790695
42189, 19.864537019896268, 5.763804803403394, 71.12134561473769, 20.171205446535843
4219, 16.607485479101552, 6.868108412660252, 50.94708404539454, 40.17969525485822
42193, 19.86377433593942, 5.7462732513628, 71.16806949768308, 19.999599667724212
42211, 15.627915544982036, 7.193751615170895, 43.87135162219717, 47.16585243642741
42216, 15.619531724328487, 7.193358986254894, 43.83631766991914, 47.20544911305656
42243, 16.78417664821564, 7.180560430154047, 50.04656131029005, 41.52036372600038
42245, 16.616579813064355, 7.279536519784226, 49.379246364157275, 42.5032060902071
42268, 21.078992012088168, 5.174974708292352, 80.30423788017436, 13.853056646102074
42272, 18.37018625966698, 6.776875208668993, 62.01693043798306, 30.03215620944153
42302, 19.049905389099532, 6.141773293654825, 66.40725178039494, 24.910733660807637
42309, 18.818311268185543, 6.323501214658602, 63.77878205190775, 27.277430186137764
42312, 18.312925860133465, 6.661049446566412, 59.13443041035957, 31.462366300607897
42316, 14.69712183645573, 6.373704480480031, 36.625573872541935, 51.798041329939196
42317, 12.364209403466933, 6.950819906994644, 26.995859686555413, 63.91958139653027
42318, 11.203760091279767, 6.634036575023066, 21.326556656642214, 69.44835928223453
42323, 13.357226067080887, 6.468129405917452, 29.428705559467705, 58.0331509669032
42324, 13.330537512184755, 6.567477840165697, 29.3011142971217, 59.56408115857864
42325, 12.648184522802843, 5.992874243798088, 23.487519328473603, 65.32714822178043
4234, 16.71118825976486, 6.830590519794599, 50.761851015801355, 40.30403498871332
4239, 14.626811994215938, 6.833630872127055, 38.37990999499972, 52.50736152008445
42392, 13.642409351772962, 6.476752224984772, 31.672840709689996, 57.466124000779885
42393, 14.431527492565227, 6.7071513507555345, 36.969301110385366, 52.13881665701293
42395, 14.319562180221915, 6.862957078172659, 37.09274078308088, 54.21191769076879
4243, 16.98243530126823, 6.909193212953632, 53.025175123964154, 38.36311096618955
42444, 15.35648657256668, 6.482146859906651, 41.00912799661623, 46.910944044971416
4245, 15.647503764671457, 6.962422595747385, 44.085481232828386, 46.33476229674688
42460, 13.655482279538184, 6.927744527103544, 33.40577716643741, 57.164236588720776
42469, 14.015607206522926, 6.131149685993959, 31.44954651947525, 55.254942197007516
42473, 14.848562853765557, 6.905812876486199, 40.15028962062308, 49.76843396127955
4249, 14.858924722470729, 7.151342400175851, 39.6886523829529, 51.685104793913084
4252, 16.558820783852614, 6.9610721797723585, 49.74140174964068, 41.0848677584002
42521, 15.688647666679064, 7.2697733679442855, 44.67090357513152, 46.85783956069275
42559, 15.90610242340427, 7.201034027944557, 45.39100127349502, 46.12637283721286
4258, 16.449785544468167, 6.474667397801666, 48.57504382248122, 40.07174117455858
426, 12.395057302490386, 6.859145968560698, 26.089173830686292, 66.3503569867405
4261, 17.635532081946522, 6.789876627272616, 56.62736609404504, 34.663565605858246
42633, 15.670614160083437, 7.13908857697381, 45.95080756631889, 45.0182720163596
42639, 16.130444256155073, 7.198593830444975, 48.58667648141332, 43.539749723960256
42717, 12.549090394138247, 6.616142833596107, 25.998933702214728, 62.36401100880416
42719, 10.89447147375945, 5.893141164688467, 17.058141984411208, 75.82552138192543
42722, 13.77051489601415, 6.877720125655643, 33.04324671080502, 57.77242522906353
4275, 7.956024174812038, 5.748076390036422, 10.48186966520921, 86.59746020780118
4277, 7.848951060021492, 5.764456546473951, 10.293403371170555, 87.30684128154851
42835, 17.622774623968866, 7.106607198099081, 57.54067033768324, 34.580473209122225
42842, 12.008467402711503, 6.620910637165817, 23.74473972444803, 66.85305816567706
42855, 17.652510385165368, 7.108775504388559, 57.76550959187274, 34.41478232372886
4288, 7.935748402567075, 5.644509681518651, 10.053064424953044, 86.76033479822753
42909, 16.828959981551673, 7.055070995509407, 50.11884271781002, 40.491558069010736
42944, 15.442639709028166, 7.8842221102816366, 45.95788287134293, 46.99697699441512
4298, 10.808714921322792, 6.554943958497987, 18.072276136339074, 74.94110272980741
4299, 8.285582393107415, 5.992034712302847, 11.308582011750131, 85.74775238866198
430, 12.3544000353751, 7.482436273013812, 29.830399313009874, 61.163589523400596
4300, 7.718814845691121, 5.336832124079392, 9.276377259903661, 87.21209757159575
43004, 16.84866087512391, 7.060506848545642, 50.78789229942947, 40.12018524335992
4302, 10.383717175668261, 6.663760358627099, 18.413928943848155, 75.97088656927079
4303, 8.272387618945908, 5.720307748290788, 10.841899167890357, 85.57314044342922
43040, 15.028390630572291, 7.703211952317234, 43.30170306219699, 49.345294824514156
43063, 15.928215791653558, 8.029071111964889, 50.201270969983035, 43.37236151126913
43081, 13.68387682518606, 7.678659982716554, 34.573395229710265, 58.86772317379009
431, 12.725600530947695, 6.157021703237586, 24.979352804264586, 64.63323072302725
43131, 15.969689219279221, 7.038257016381724, 45.22184997548619, 44.87559241706161
43206, 15.070462586983076, 7.18526079366327, 41.46254246379403, 49.891605578401574
4321, 15.879691813713992, 6.8525833478525655, 44.441216459623725, 45.625370411258174
43245, 15.279025405448468, 7.302496298426933, 43.157164792708905, 48.54821932735648
4325, 16.40836013067661, 6.897741068241374, 47.63193661930927, 42.61700916557276
4329, 14.451748224970952, 6.8800105394215825, 36.412074242057294, 54.23721350095775
43328, 15.236445283421737, 7.310114289377127, 42.93809462267246, 48.692202924773085
4337, 14.500830104003867, 7.035882578619403, 37.50633608815427, 53.23415977961432
4345, 17.115261683462602, 6.871454378420944, 52.20392193072564, 38.63067139114276
4349, 16.692230147364967, 6.927326990702448, 49.746051236256065, 41.050399062343025
4353, 12.3015615946444, 6.613255233545428, 25.520881243675834, 65.89205224910312
43552, 15.200830342732395, 6.489054259802077, 38.59749237767597, 49.886684166761775
4361, 11.536930807943008, 6.620641060087142, 22.491942102070674, 70.41591836249242
4362, 11.06546161270053, 6.224062842861468, 19.02953286951583, 73.81797529461876
43631, 12.359953366575711, 6.312470798256449, 23.561599416330584, 67.11387633504245
43635, 9.626928208635356, 5.037140945853311, 9.648442843463592, 84.54242852583101
43687, 15.845302350514268, 7.059762733391147, 45.281655009519156, 45.409934536717465
43726, 15.779149568859122, 7.0899166729397765, 45.040509572529274, 45.711759504862954
43740, 15.782311426979748, 7.084025189111846, 44.96399764599993, 45.79828296465538
43818, 15.78552410429468, 7.0740285750331475, 45.03211953435548, 45.69136854060193
43849, 15.801199073064641, 7.077203723369046, 45.113138686131386, 45.63959854014599
4387, 8.724146136605167, 6.149695579192418, 14.544581783271331, 81.73326933077323
4392, 11.27595412977773, 6.40598348727928, 20.83178934978312, 72.63988490964971
4393, 11.558036123168037, 7.398874410620599, 26.456515620602307, 68.15166257890716
4397, 14.166286418769031, 7.164013692992988, 35.49861105519546, 55.328314344377794
4401, 13.40223305661631, 7.144987595191649, 32.83258340354588, 59.0627969094527
4404, 14.261600642903717, 7.180846713579658, 36.68730650154799, 54.72229475176247
4408, 15.824764124379774, 6.480958606943234, 43.692284870137094, 43.636655829305376
441, 12.98980043191497, 6.941869658109449, 29.633492252681766, 62.432382873384064
442, 13.478687668225238, 6.89636127772011, 31.486219002091424, 58.972587391694056
44248, 15.077926859368223, 7.150967132219911, 41.76873887058518, 49.412078524104416
44250, 14.182548702254907, 6.68180477070907, 35.475189592978666, 54.38194109126025
44282, 14.053443044778513, 7.253052428919081, 35.96759790789641, 55.51799407520801
44284, 10.365102570956516, 6.661803293609949, 18.681073077379747, 76.50949524015729
443, 13.605433475094035, 6.565497113049258, 30.925404476685912, 59.58287596048299
44309, 12.048595074599827, 6.665089938814341, 24.074319434960305, 68.72101674531427
44333, 14.959361381601244, 6.933285416051294, 40.376007809392966, 50.194150186196175
44342, 11.894007457448645, 7.069926376735522, 25.20190074367662, 68.34082692294032
44374, 10.024804600050933, 6.12822076295811, 15.457115928369463, 79.2947288568079
44375, 13.320589893531888, 6.397595799527077, 28.361956780732783, 61.76249564691435
444, 12.754883632305129, 6.639540810249555, 27.53972581771566, 63.64358216380144
44429, 13.241139436324515, 6.358370022739775, 27.520788074013037, 62.864259495093265
44434, 11.67090273131493, 6.500190683437479, 22.614295598488475, 69.36771515248283
445, 13.237159436055219, 6.729888456965617, 29.658037711728984, 61.28204383237941
44564, 14.9094919187705, 7.067498476744155, 39.84441096964569, 50.93064526113782
44568, 13.24835902134734, 7.167753491678745, 32.66936609609045, 56.88899008999198
44570, 17.49956257194589, 6.805015857558912, 54.95381865130599, 36.21213625980733
446, 13.103564002443026, 6.685958454804958, 29.185842752883634, 61.889815331882694
44643, 12.118209341578796, 7.129224891325525, 26.988839971332034, 67.79973379748131
44646, 14.095811268833176, 6.729322729237122, 36.12906148085517, 52.72979828481701
4465, 14.816065892289659, 7.161146655877895, 38.92760720788598, 52.75004708984743
44659, 16.214198674470527, 6.903273308250136, 47.10409104598266, 43.23495379543185
44660, 13.876901036047885, 7.569896423945903, 35.39648855515653, 57.87354445532702
4468, 19.10750600135456, 6.153090667516748, 67.18034829239228, 24.51317606911681
44689, 15.193922625994478, 7.302956090263959, 42.61043570188024, 48.76387525485162
4469, 12.116036428091727, 7.067281815273711, 26.025791324736225, 67.17622015178627
44698, 14.392995522635239, 7.530276460950626, 38.54656299699594, 54.292277787594976
447, 11.955474086005207, 6.523604402259933, 23.070338667659097, 68.41955092420295
44730, 15.19979291970375, 7.264937637813208, 42.425787106446776, 48.96251874062968
44732, 14.419863986833368, 7.534059813066869, 38.69369049310786, 54.196568139832316
4474, 14.911496564770564, 6.80470156268509, 39.134266804137425, 51.04433432001863
4475, 16.054178313026892, 6.931866997199208, 45.92578175684442, 44.51310496950824
4479, 13.338230704060287, 6.768270381135212, 30.07888881397074, 60.21441575079226
44799, 15.114503185954094, 7.340021811575827, 42.27019865555581, 49.2483608470149
4480, 13.576651155084365, 6.905075060693511, 32.381864186555426, 59.45428434657731
44807, 13.508558778141529, 7.342641113023724, 33.64140962275132, 59.08376258436628
4483, 15.528421133335337, 7.114547491052241, 44.65047427981535, 46.31580997643209
4484, 12.375597180684762, 6.696445194486096, 25.111123083968646, 66.76813663425015
44843, 15.15411870210547, 7.322017463886025, 42.454292378301105, 48.96396057482507
44848, 14.403165568951517, 7.527967951904094, 38.58629185203566, 54.23882025558766
4485, 14.359608695786733, 7.243216532926015, 36.90048324785635, 55.02295090794062
44871, 15.291750617031694, 6.881482076647057, 43.97732979410288, 46.27424253294115
44874, 15.364276044819817, 6.394793724128684, 39.50042632895822, 46.183307474035864
4489, 15.985559988880718, 6.625617366034941, 46.69553276782353, 42.34679187614892
44894, 15.298736278653475, 6.892462113434662, 43.9423636601214, 46.31576446550966
44897, 14.12475436666083, 7.070396363962643, 35.80160768114324, 54.040136206319076
44906, 15.29577987868685, 6.8539778284444335, 44.07882992776304, 46.01744635780504
44907, 14.069128868108697, 7.188832951357696, 35.71408612065834, 54.30044429541454
44928, 14.51735982994439, 6.81687694912421, 36.78184932937785, 52.19989136338946
44932, 14.345170469055704, 7.025435347857761, 39.42000931999857, 51.6029202662174
44946, 15.283621614787773, 6.867234757633461, 43.922296814740754, 46.285054516021525
44947, 15.333272691211903, 6.400987079775925, 39.41309444072337, 46.376144228622465
44959, 15.306294860981138, 6.862238302272723, 44.16384281552821, 45.98656441353071
44962, 16.035882382417185, 6.672045162313194, 45.10115144173872, 43.01964551745262
45000, 14.561687470871338, 6.857078184287399, 36.840563945948205, 52.24448813956407
45001, 14.394078309763557, 7.071314319787595, 39.79800150424412, 51.45350572448456
45022, 14.61407946234441, 6.841107685745189, 37.12581541856989, 51.91300339437623
45024, 14.332072642341194, 7.038022687429335, 39.228073521348364, 51.87498510024555
45034, 14.307595180364373, 7.335039516854036, 38.75943000838223, 53.47722827605477
45036, 14.553062371399752, 6.735595321775167, 37.980098909610916, 51.73449323720432
45065, 12.767899077962744, 6.406240926655744, 26.763218125516897, 63.76627622949243
45071, 12.349218529691898, 6.573771190399636, 24.86873401247588, 67.08252928241261
45073, 15.3414752148447, 7.369023165515748, 43.28408489340199, 49.33249915780355
45087, 16.44303019841438, 7.595298073467372, 51.68067663469831, 41.43140657308216
45089, 12.922517670675482, 6.388978770635081, 28.57232382524049, 61.65150454863541
45094, 12.25181524874798, 6.229924956159507, 22.621582805071316, 68.94562202852616
45199, 12.909556650799805, 6.492681836969963, 29.03604113002869, 61.3777721932525
45200, 12.334767191683964, 6.228489480424091, 22.82504452664749, 68.47388807931348
45202, 15.135223450372397, 7.350253629877632, 43.321374937426995, 47.9549057233439
45274, 16.853716273998906, 6.964190149404396, 51.21889684316755, 39.362115908206924
45291, 17.43776295923366, 6.998767863204584, 54.532038010298876, 36.84663162924032
45294, 17.416598135455626, 7.010596315933202, 54.46499047538862, 36.876558931559615
45317, 15.992512738968639, 7.145815350958213, 46.10104218794195, 44.68353604142642
45323, 16.935546488851873, 6.962179699428414, 51.72105263157894, 39.16947368421052
45339, 15.964173676841435, 7.134376497743906, 46.386189721048545, 44.113922029821516
45364, 16.175378796178332, 7.0771914490538785, 46.91743388061888, 43.265232530622825
45383, 17.956661474478047, 7.019103811747076, 58.63450762347422, 33.538942704487205
45397, 16.418639981942025, 7.01680993534728, 47.92091602723907, 42.70189184230691
45563, 15.02400490368378, 7.035441493446965, 39.72302604381976, 48.81218134215241
45566, 13.541354662150946, 6.742507176962244, 32.10096616635174, 57.36746408071589
45570, 15.00204837851997, 7.021748423121153, 39.590505025368785, 48.999764975875465
45574, 13.04954530402686, 6.733467528973851, 29.42786242723625, 60.72265126742271
45576, 16.438210897926446, 6.7912230621750345, 48.33032270663477, 41.679685592930724
45577, 16.482298528318168, 6.750375841340539, 48.4404698084702, 41.48593986061699
45583, 18.087809142327032, 6.477569201166974, 59.070831846647884, 31.53659706928159
45585, 18.078909056679965, 6.475531552229503, 58.98253532182104, 31.559065934065934
45588, 16.749779090356903, 6.699980238778856, 50.119431428086614, 39.57030791119001
45589, 16.48247672689099, 6.766744446803139, 48.575470326154495, 41.399278150160626
45597, 14.1755226659226, 6.5940529311425795, 36.141329905633754, 52.21180675298618
45605, 14.603280994463313, 6.7595898111201, 37.7880262179877, 51.633556321373064
4561, 12.420812077858095, 6.440169296406473, 23.987146571073325, 67.50795265546029
45613, 15.025676724239572, 7.089055077349368, 40.11873995948872, 48.49898721799259
45619, 12.923413678941333, 6.8884731142343245, 29.924325183228394, 61.58460285617813
45624, 15.884430013141863, 6.656798163174835, 43.33407030731815, 44.930671804428165
45631, 13.169239218964517, 7.451623770557457, 32.16692343760466, 60.54524750485633
45633, 13.726540691497137, 6.6847668136093805, 31.72642029784887, 57.368213694744306
45644, 16.725752148301705, 6.723999892623283, 50.152312378842424, 39.71858474766257
45646, 16.50045586718019, 6.776643591544208, 48.70328344111975, 41.32570738938227
4565, 12.664535793336768, 6.4728404405498745, 25.226488699745303, 66.33781474675177
45650, 14.815274354175594, 7.030609264976692, 38.474408394903094, 50.544758539458186
45658, 14.844635310087137, 7.097611404440459, 39.29151061173533, 50.41198501872659
45661, 13.183344516110564, 7.42079958836701, 32.13511705685619, 60.58729096989966
45663, 16.471077932840693, 6.762876921475723, 48.38886619595028, 41.63272451420902
45664, 16.54646337441826, 6.7143305044747645, 48.62248092576703, 41.24788386169152
45668, 16.081968805614075, 6.787835765809538, 46.16492702970765, 43.74557219099797
45670, 16.16490794400949, 6.919037124487935, 46.90209197135318, 42.93724085940445
45677, 15.14247113178787, 7.162118913866932, 41.50134637577623, 47.85266802220146
45683, 14.70571560356534, 7.1534273032914015, 38.71468970446564, 50.82196463532117
4569, 12.320198174552507, 6.784927211144262, 26.52864957653847, 65.20997280332564
45692, 15.878238594646183, 6.664430392719319, 43.33732358870967, 44.88407258064516
45702, 13.654354322937689, 7.073136612824641, 33.72054606245622, 56.73657640513288
45704, 14.472158325322171, 7.9358193621072255, 40.07603962480102, 53.16459026745425
45713, 12.85988698580561, 6.9437593652696865, 29.926552106430155, 60.95482261640798
45715, 14.903829429014413, 7.081696320116812, 39.339991315675206, 49.7286148501954
45724, 18.13491129839838, 6.4429667669524235, 59.27608037434627, 31.185096213997948
45726, 17.995518371629693, 6.546574596393297, 58.705750440493354, 31.969344126960657
45727, 15.155791078175385, 6.955603025473197, 40.03740040110575, 48.38744647406364
45731, 12.991619469922435, 6.843461188441879, 29.48771345272803, 61.42876975863232
45741, 15.35985737028106, 7.477581713063925, 43.98749436157471, 46.8930332394892
45745, 16.165325569682114, 6.916404853850382, 46.9295219319862, 43.171513060620995
45746, 16.015334600307753, 6.9749934691024436, 46.25702307626108, 44.03053885589938
45747, 16.084074100934828, 7.056374574602625, 45.30530268299604, 45.25290894404785
45749, 15.614956646009553, 7.451627854769701, 44.36712763146305, 47.281398245901016
45750, 16.06469921058245, 7.060378814012406, 45.19839801493155, 45.330082928846615
45751, 16.984802632357205, 6.676980585983274, 51.79068560373709, 37.870995139904686
45752, 14.427057725150211, 7.170633120623728, 37.709443410156, 53.883289465237205
45753, 16.28420310126425, 7.494335988366639, 49.84333967219053, 42.96930182015757
45754, 17.177101353903634, 7.071278326229062, 54.35007047374516, 37.176920521775045
45755, 15.60269652968754, 7.636974549001561, 45.98106222412074, 47.14420475580236
45757, 17.047714280299076, 6.872922832695297, 51.944394376351845, 38.3280010814708
45758, 15.88011463223251, 7.4216354824051525, 45.76480170131897, 45.661862853781585
45759, 16.347216841738213, 7.152647002575224, 47.754198672047906, 42.75810441348783
45760, 14.784838403953321, 7.456420682561929, 39.50114384425043, 51.95387272981932
45761, 14.993076118291105, 7.286009266797927, 40.01349884862761, 51.251952039384875
45763, 16.3390700276325, 7.139164443529064, 47.647205887148495, 43.107927432416275
45769, 16.651570370708807, 6.749905461802126, 49.639725053330174, 39.95378051671012
45772, 15.400146614837466, 7.11443817832225, 42.232394287188804, 49.266825979154746
45773, 15.662709471108197, 7.192343537315113, 44.09828211621381, 46.956402710286774
45774, 16.437603954231477, 7.4966590618031645, 50.29772456614031, 42.40779629276098
45775, 16.94078352066135, 7.04002041734298, 51.831486875175806, 38.35733275262905
45777, 15.80212532044718, 7.6360512839721855, 47.51174807799644, 45.62935489098144
45778, 17.066439143124704, 6.873588684854015, 52.049641875760166, 38.24046128203973
45779, 16.031911760758913, 7.191606629282713, 46.27027833107871, 44.96117425251116
4578, 12.6262361253379, 6.504849379263608, 25.184025311551622, 66.38470975657003
45780, 15.611444511162043, 7.158619431511021, 42.73289082169833, 48.873693446250094
45781, 15.772667781881509, 7.12544560336903, 43.52342370416537, 47.952255493545614
45783, 15.261407083457925, 7.772086172168491, 44.94745166355312, 48.45793267853254
45784, 16.512715802671057, 7.202048366894972, 48.60911005208911, 43.58356926239006
45785, 15.240903572278759, 7.386974864534002, 41.96434324003424, 50.335490165398035
45786, 13.978919040613514, 7.028796441109725, 33.5166006701188, 57.532744441060004
45788, 15.41422575855422, 7.1435566032638995, 42.269656320375994, 48.74791931851562
45789, 17.32728743493634, 7.1690034616170175, 54.06465160792767, 38.55681406390828
45790, 15.164301037100211, 7.831869534948315, 43.743839895758505, 49.92399057817277
45793, 15.098144998494407, 7.918667069506224, 44.06991645513468, 49.63218079207433
45794, 15.856248867917015, 7.674408955247587, 47.51016874068704, 45.81672103419113
45795, 17.231209172486857, 7.207529874280509, 53.44165381843394, 38.55747037303969
45796, 16.777777595387825, 6.781413055913181, 51.61560747087468, 38.60321765394809
45797, 16.00632049739451, 7.113674598519764, 46.11527051843481, 44.78151339643075
45802, 15.010761327697928, 7.012746476503433, 38.96714197148171, 51.248605083694976
45804, 13.975915464831646, 6.767232786481666, 32.57443618225772, 57.460448606138506
4581, 13.065150238667519, 7.161476578760636, 30.874456945527456, 61.24763283947867
45812, 15.968414861297974, 7.467388268778481, 46.90659605199807, 45.761400371414815
45813, 16.490935601716835, 7.148264653310478, 48.7296585660638, 43.1320412655933
45814, 17.206444440631895, 6.913669844611116, 53.620485321831715, 37.50655709040042
45815, 16.704141535853434, 7.328593190290867, 50.60097347769942, 42.43195589550015
45816, 17.432388951780553, 7.023702934556838, 54.84252946007372, 36.49706831681277
45817, 17.563816230971803, 6.966424292769614, 55.47390578775696, 35.7496396874763
45819, 14.089016639330538, 7.974919066574316, 38.40615338461154, 55.22712689272411
45820, 15.340822935861919, 7.232600864668574, 41.5624369578374, 50.50433730078676
45821, 15.307786623517059, 7.28868882652412, 41.62633960933368, 50.56523187241629
45822, 14.072720109480132, 7.936762399434796, 38.27648539523255, 55.33931377020932
45823, 15.182156889320073, 7.535663700841056, 42.41573033707865, 49.76052865572711
45824, 15.799400642889694, 7.065853562121331, 44.65453399511542, 45.68547343305084
45825, 15.591641925947071, 7.283105486807045, 43.08387859827169, 49.06144484080807
45826, 14.107207146310767, 7.978462574519428, 38.47456622435241, 55.13714000220169
45827, 15.781951122868056, 7.056765883663042, 44.6458898023911, 45.694105473890204
45828, 15.356170274616025, 7.263514750198699, 41.752322530766406, 50.43155346573555
45829, 15.390974022910251, 7.264617387465791, 41.94339659519575, 50.22965815139847
45830, 14.02067566597213, 7.944177800627123, 38.01984378298501, 55.43086341566392
45831, 15.163383225469572, 7.538047291696947, 42.33084151855711, 49.85079458207309
45832, 15.5741210764708, 7.272967029151456, 42.95120061967467, 49.16872910014925
45834, 13.23368135559913, 6.894774815207015, 30.07231520483095, 61.46419651843292
45837, 14.039173891857534, 7.0169286672618085, 33.76996922174996, 57.18891982998681
45839, 15.447669229935459, 7.095980207095144, 42.144031938372436, 48.89298114905042
45842, 15.925591942029005, 7.285336461060411, 46.057614006514655, 45.409201954397396
45844, 15.605820069903633, 7.166016955437738, 43.996517642238956, 46.94832795616326
459, 14.164664560314131, 7.06164424403088, 36.65153160267167, 53.3872931267068
46073, 10.699414705436, 6.0701749377970105, 16.35905183854305, 72.90879764797158
46076, 10.683945957063568, 6.054146063323649, 16.221839575261875, 73.10128528380788
461, 15.645875800549229, 6.922507747401911, 43.67713747333982, 44.82844304557596
4611, 17.08039471141514, 6.618651844796231, 52.0441354678232, 37.036800816378594
4612, 16.889682681634024, 6.568486660294986, 50.64696794129008, 38.0359212050985
4613, 17.258347960139677, 6.529555945041613, 53.004958677685956, 35.65289256198347
4614, 17.40353241796705, 6.55626931704414, 54.242310705405494, 34.99097380700977
462, 9.01468411419865, 5.905069049523538, 13.164997301025611, 82.96047501949259
4620, 13.122702608628916, 6.868344772792359, 28.492610480997087, 63.20616486677159
4621, 14.003675363690409, 7.03737167154821, 32.77691259489975, 57.16209201219908
4624, 12.829326176118316, 6.404834144126912, 25.77185570360741, 62.98884194561802
4625, 12.794454368573291, 6.412157577703057, 25.641836623404952, 63.36786999672811
4629, 14.1827863917688, 6.787465948133391, 36.1951952905801, 52.325593706656505
463, 10.650112971448376, 6.9262884760577785, 21.226431413250303, 73.18629994810586
4630, 13.010085218878167, 6.889242441102111, 30.575856169463698, 60.161789574659565
4631, 11.50744799607607, 6.4256897242386435, 21.114441310139476, 70.5914041686256
4634, 19.67728465396947, 5.7859023088853, 69.11821530693733, 20.32509853422293
4635, 8.932415317903683, 5.912324215481133, 12.352634184854608, 83.62750739338142
4636, 12.832884962715877, 7.222587792432337, 30.830422017746724, 61.69036723580837
4637, 11.954288930938322, 7.0420273179942106, 25.88217678473389, 67.00717054585988
4638, 11.655837892410501, 6.8571322316040755, 23.94591935509466, 69.21148261580208
4639, 13.709002219564441, 7.150738909157776, 33.557582668187, 57.65792474344356
4640, 14.809304682633408, 7.035200089545753, 39.392484091727695, 51.25732047331278
46400, 14.325421471736833, 5.95538335777299, 30.936495791889822, 57.874521805661814
4641, 16.248506090860207, 6.962861876154031, 47.69616271475602, 42.87656443680275
46422, 9.780919822578964, 5.045896029393327, 10.27061855670103, 83.41494845360825
4643, 18.11218891690476, 6.73599896501498, 59.92515248039538, 31.87161650644917
4645, 13.073731003577185, 7.141143238932998, 31.44795142497675, 60.655872217055965
4646, 12.294264891036178, 7.005093415800812, 27.69205243072839, 64.10320225651236
46465, 14.78450778142213, 6.548843905308946, 37.54841649578491, 51.253132832080205
4647, 13.92727450681572, 6.819119196108988, 34.379382425316855, 55.40443997565687
4648, 14.714906659398846, 6.977879375595833, 39.72163503788329, 50.32658005367788
46484, 16.750019418374738, 6.703186719574401, 50.490101864309054, 39.34268691139727
46485, 17.2089098250007, 6.676116586014452, 53.62628928916126, 36.56057769457074
46487, 12.199911313513441, 6.5813129149570715, 24.969891609795265, 65.67879660896875
46489, 17.45788390837399, 6.821875581152733, 54.69090100252617, 36.27206431419901
4649, 13.391168242829151, 6.783469722558713, 31.328710909862746, 58.289703315881326
46492, 17.385078797581855, 6.862167319686785, 54.35461761611783, 36.736905862475695
46497, 17.386488886526873, 6.857417105195576, 54.393545609643326, 36.70456176156385
4650, 13.335343528956697, 6.828989926936749, 32.09440115511962, 58.515272971694586
4651, 13.230568043451347, 7.027929203399087, 31.915408439798682, 59.27216415021294
4652, 13.190629569892105, 6.927265482518133, 31.244958322129605, 59.370798601774666
4653, 15.472878628612701, 7.020756391959252, 42.644909521011314, 48.3945818077717
4654, 14.399385731068834, 7.211164666960788, 37.93552404404064, 54.565395828026375
4657, 18.098531328476398, 6.682887177692579, 59.16972572895216, 31.781418808010265
4658, 15.307785258508405, 7.034696211999663, 41.99531433033971, 48.8481062085123
4661, 14.536106775671183, 6.715890364946426, 36.04671212477467, 54.30833137393213
46642, 16.59351270465152, 6.861323468479955, 49.3109056160302, 41.202027516292546
46644, 16.454323484580506, 7.066814455386541, 49.125617187112965, 41.94395363046386
4665, 13.458620382182497, 5.820863900358652, 25.60065600656006, 64.22632226322264
46664, 19.310285289599012, 6.579581137450834, 65.25462146778824, 26.917846169344685
46665, 19.698054952349253, 6.429507957199807, 67.83779653245936, 24.77202873202126
46667, 18.674710373327322, 6.549860733387725, 65.88876401310881, 27.21494479755957
46686, 9.560829327503805, 5.662303185801851, 11.686110526901809, 83.1685863097079
46687, 14.107404160578323, 6.901532172030304, 33.54381838633807, 57.63498312710911
46688, 12.580457523930646, 6.782064222760329, 25.87978114456842, 66.42995236229925
4669, 14.560467073504947, 6.1568859901667405, 35.73979395216196, 50.15800426483056
467, 16.54400213496165, 7.086883404407871, 49.50577071526745, 41.98407169619491
4670, 14.099183865142127, 6.131186483483888, 32.614142358271344, 56.006023548960805
46707, 16.56913797051258, 6.941351625125331, 51.395670572916664, 39.58062065972222
4671, 18.51213753120358, 6.161162228537333, 60.96480136796599, 27.26057584624833
4672, 11.837629279172178, 5.826184249338013, 18.77782177267437, 72.25321862663931
4673, 18.290121162483146, 5.988373910398085, 62.90666055105986, 27.120532057792484
4675, 17.754368309015433, 6.247649065099409, 56.92782333360397, 31.887634976049362
4678, 12.755669495319939, 7.117195356378053, 29.442578498135763, 62.94564447046498
4679, 14.855948781655417, 7.2486902888062374, 39.14420403722954, 52.41145896289133
468, 18.696075086390753, 6.311136313965526, 62.81820567615192, 28.187680425898847
4681, 16.70550657108351, 6.240728724029248, 46.266550171382484, 37.79487868808388
4684, 15.330180556846987, 7.112502851667179, 41.66823240751998, 49.538566960289124
4685, 14.45690134844771, 7.2255806062683785, 38.140963869080686, 53.61365877991543
4687, 14.4702413640202, 7.0487124124277765, 36.7639324463837, 54.56980345559733
4690, 13.909794107250336, 6.615035625650353, 32.95500431076819, 57.38232694175552
4691, 13.956305829654914, 7.433179248582496, 34.439374951045664, 58.68645727265607
46977, 18.39109547971713, 6.483607951601399, 61.40291625673632, 29.793982467217813
4698, 12.961497654781576, 7.043689143305845, 29.235871922439088, 62.56920525577242
46980, 17.161774042670256, 6.858981368093865, 53.317904805986274, 37.27223636503896
4699, 11.750841446785106, 6.577018183622875, 22.951194132128627, 69.02870485520673
470, 17.861612682336897, 6.700103170794694, 57.39172476177108, 33.888550975529874
4703, 14.409353612214689, 7.166483171083047, 36.782272907719516, 55.426034862319106
4704, 14.209506235713533, 6.749524179346156, 34.21167085680341, 56.249668501840475
4705, 12.854522692866533, 6.923698318351878, 28.67667260239125, 63.584838463495295
47077, 12.568867998061819, 6.443375444310803, 24.511316280247737, 66.99514194276242
4708, 14.303910316548922, 6.863306205992139, 34.835950426123055, 55.862183789633605
47083, 13.638464599531002, 6.744169745301287, 31.595016922301433, 59.61402750774105
4709, 13.963394003649954, 6.709429914315298, 32.960334697881116, 57.55522414949304
47093, 15.315048164352241, 6.877627603449448, 41.66419366732313, 48.85117939586874
47097, 15.470758101357747, 6.859616590150477, 42.4953019037503, 47.968697515229096
471, 17.43450053595816, 6.839187220360728, 54.92255764802372, 36.19286457840447
47102, 14.816415761264034, 6.532912655674259, 37.30212231804552, 51.99330528371184
47105, 16.8384636009576, 6.685236779902252, 49.85944052721323, 39.93117962425304
47106, 14.574094256454133, 6.583352082760299, 36.25943719972546, 51.84625943719973
4711, 14.80650083307762, 6.544817645954869, 37.413477131593865, 51.767373791975956
47111, 16.558999278606514, 6.804500716136814, 48.86568429979858, 41.33714972260504
4712, 13.696369398104496, 6.757892473759697, 31.843786323852292, 58.98248507306994
47122, 11.917872497787531, 6.356146567060821, 22.678549677209794, 68.83145884932397
47128, 11.23148446859175, 6.388084255667792, 21.45489626466061, 69.86363734905804
4713, 12.323013972342949, 6.977042365509965, 26.90610609067612, 65.94250370912734
47133, 13.954406690188975, 6.492888979928492, 33.31475205137353, 54.502987870139144
47137, 13.330051742730562, 7.310191420233549, 32.124386686115905, 60.82416125182336
47151, 13.468811031360266, 5.674360546095069, 25.688505632254472, 59.541995631255084
4716, 20.127057176825254, 5.953913875535991, 71.88383993558435, 20.972167777342218
4717, 15.796746074911836, 7.397495766014489, 44.91052904564315, 45.79227178423236
4718, 9.197071839057465, 5.967093910045462, 12.206397964566074, 82.60262496509355
4720, 17.423805496840526, 6.5272992799221745, 54.72580773410374, 35.73511092263246
4721, 17.406236617733086, 6.546481478843548, 54.78407790756459, 35.730250379160786
47229, 18.411833660656985, 6.581794420256683, 63.279274566221986, 28.810997762083296
4723, 18.048487684853278, 6.732844891781516, 59.421184919210056, 32.239856373429085
47232, 15.861215758358153, 7.2409008758144875, 45.590345176808164, 46.01701034311381
47236, 14.668889136566118, 8.049463888405443, 43.738307823129254, 50.64732142857142
47241, 14.840903261216424, 6.604016944933536, 38.11456608891637, 50.53353810559068
47247, 14.709106758119992, 6.638033508102123, 37.403244938579384, 51.45861396489676
47254, 16.508341677502692, 6.993886110020289, 49.327708520958744, 41.410311102684425
47259, 13.355568797879096, 7.568256682500165, 34.56197746274082, 58.00436205016357
4728, 18.075005877570984, 6.7635827651304465, 59.20510186383468, 32.57107787546863
47280, 15.133129791776769, 6.592407109491986, 40.15779557230334, 48.90602920395666
47283, 15.526870101286338, 6.843239942031473, 42.937109445360456, 48.67471214997298
4729, 18.289512118504604, 6.623313768441088, 59.74360356959909, 30.86463023374943
47320, 16.258892750790068, 7.088837273476411, 48.76988636363636, 42.122159090909086
47332, 14.871019256406756, 6.799867103146703, 39.57208415281006, 50.93986530782526
47348, 14.309700086232331, 7.511424899274707, 37.6149561763309, 55.26963429903717
4735, 11.11586887239819, 5.754375742229056, 16.418224053602902, 75.20398753312244
47353, 14.600644772410332, 6.642940720132567, 35.499004833665055, 55.08753401844104
47357, 14.265186920920343, 6.234946268313302, 30.141981702054206, 56.87359744519247
4736, 12.46935104605687, 6.268788751810845, 23.752847645171787, 67.11376633037334
4737, 14.077154458142353, 5.696161437424954, 27.96572610429901, 59.12133368183006
474, 15.918599501104065, 6.5181151432613, 43.83188072137258, 44.45677794222441
4740, 11.248086121302373, 6.477263114725713, 20.196837294012575, 71.89289529446789
47409, 14.090139324349124, 7.029382627865348, 35.71834964980087, 55.2255203939495
4741, 12.480323139393935, 6.456303994807725, 25.0165915679905, 66.28069440078242
47416, 14.313620896284418, 6.9462339691544, 36.93879037250119, 53.69952299457452
47420, 12.7748501390192, 6.689095506279858, 27.91336559082611, 63.352297903262965
4743, 13.368337856313907, 6.828033438317386, 30.467733427114474, 60.51872692104801
47432, 15.267017385220159, 6.612631354447633, 42.16281545854795, 46.37564386636356
47441, 17.240164708492607, 6.6030608766850545, 53.874650963479034, 35.976334632716814
4749, 15.272168499197786, 6.838861688409088, 39.582073420229804, 50.23868651646358
47492, 17.53479323004939, 6.742698919672676, 56.35804664288254, 34.857123191813976
475, 16.945268847384384, 7.0224801361014615, 53.491420400381315, 38.22291070861137
4750, 15.809308797712678, 6.475541204768234, 43.18167073935514, 44.24453430789525
4752, 13.843593768416826, 7.087624653086545, 33.391264636111075, 57.54608075708178
47530, 13.130060839845314, 5.8743983093913, 24.15014931377555, 61.84530164477246
4754, 15.04072324134757, 7.007163476763439, 39.3129869793689, 50.80375863943465
4755, 15.81267327919335, 6.6865638112836, 43.470151276907224, 44.937374613674564
47555, 13.983944572631364, 7.078158555212399, 35.68644645815064, 55.468673877034
47556, 13.598812089157823, 7.022260022284743, 33.04286358484357, 57.52032272610938
47557, 13.240560102745944, 7.019119905603508, 31.230581379885635, 59.95381844119105
4757, 13.671656226397308, 6.8187621136680105, 31.11229566453447, 59.98832368768403
4758, 17.720227887726622, 6.7956187401394965, 56.16595434170749, 34.8978421765871
47586, 13.073210976065683, 6.438906659365105, 27.62908205171779, 61.78094995326706
4759, 13.377286525755588, 7.4544170924686, 32.39223192566894, 58.8507397216573
47591, 14.081900359556384, 7.326207067563409, 36.97425562033638, 55.056503275030586
47597, 14.058821986100158, 6.880163857714577, 34.24014708554692, 56.561661553591094
47599, 13.887335439139123, 6.901267982183781, 33.550887692470816, 57.21640375575793
476, 14.862692374999343, 6.953121073691049, 39.33718342693653, 49.47414432552718
4760, 16.38201319504733, 6.817605448602258, 48.35107329377165, 41.91235726919736
47605, 14.58959612800985, 6.76667769597341, 35.33796472309589, 55.1216027834422
4762, 13.458466256384963, 7.228660118404543, 31.911520363253555, 60.218408736349446
47628, 14.764753945144145, 7.003221480458446, 39.825899805914794, 49.70406810276908
47633, 14.049542825024645, 6.881711998387949, 35.67260583151366, 54.16169697414537
47636, 15.165847173485329, 6.884830008394739, 40.467280596140704, 47.90114216914516
47638, 16.47770327785148, 6.660579364211132, 47.191412598903355, 41.06342317240886
47666, 15.980625498333092, 7.054368229010845, 45.63121082215835, 44.12442735361344
47670, 13.454969282918432, 6.598905326956109, 30.65648599226678, 59.69932578623376
47673, 13.416944941431977, 7.769674194768237, 34.97866669318826, 57.85851392880941
47696, 9.3083277099526, 5.636129724524145, 11.613027558296396, 83.30314126035844
477, 14.667815410174317, 6.704498160260143, 36.682166049764874, 53.31743878182752
47701, 16.61241535042746, 7.147431823460453, 49.17899580000422, 42.03056077330575
47707, 17.603222973046837, 6.998783355278268, 56.99794026776519, 34.79917610710608
47709, 13.929032986565035, 6.99553007927172, 31.82040178426074, 60.598118060756036
47715, 18.02974733347023, 5.980947816375239, 56.462105694387546, 32.8258910282671
4774, 13.310027167858225, 6.6130117342352595, 30.263540636453545, 60.561987317470475
47740, 13.852256821731856, 7.235625024877013, 35.2152919688229, 57.162233032533415
47744, 17.50823298874974, 6.90921195337956, 55.66536850613565, 35.37548681019913
47748, 13.74551499411789, 6.519984986817811, 29.733067472824338, 59.79674535280118
47750, 15.224067404200163, 6.992351575241384, 39.806996381182145, 50.97764187729683
47822, 18.515489755330076, 6.4950215235031665, 61.80235073550621, 29.149841361407557
47827, 14.333452458245834, 6.788008471763749, 35.954747148777, 53.74051120319777
47831, 15.423566174724037, 7.300086348662017, 44.56520744705183, 47.206440693472395
47835, 14.314998215054178, 7.352468791784414, 38.76512274382365, 52.92275165420305
47837, 16.553324162191064, 7.060852922809831, 48.759744861800144, 42.283841247342316
47840, 15.11811738155076, 7.224184730534304, 41.49446627926603, 49.076105739477086
47841, 16.855266106982047, 6.6390019889084435, 51.48393273393273, 38.005744255744254
47849, 15.545034171637782, 7.1287456710087636, 44.017622507342715, 47.254036734636514
47850, 14.930234214062663, 6.80512901238058, 37.484276729559745, 52.50769436638566
47852, 15.67696702769911, 7.001027577736678, 44.13158312362556, 46.50978258405314
47855, 15.037409382617643, 7.066066718444913, 40.29934737582555, 51.12196646996756
47857, 15.32545989498326, 6.898961461434119, 41.48811393863232, 48.89098334904178
47873, 11.9560997057737, 6.612729253067028, 22.791858421328037, 70.5357502247387
47930, 16.917237954064625, 6.601747388094556, 52.24909933093155, 37.981357579916505
47934, 14.002303757312424, 7.118075908913245, 35.60213395362949, 56.377841268235954
47935, 14.745592168283286, 7.220188724119363, 40.4831736239286, 51.17569720108215
47936, 14.724053203226442, 7.245002797332626, 40.49132473178068, 51.18471434167794
47941, 16.270267747753294, 6.977840940517799, 48.22750690914054, 42.543246101879966
47945, 16.35113658774544, 6.975840205838837, 48.86110635382771, 42.14934064052064
47960, 14.904360297142588, 6.687556062697373, 38.12143038010297, 52.07917170750921
47961, 13.50176756166188, 6.949192589012911, 31.919201285855586, 59.211177052423345
4799, 12.920347035881722, 6.384936399107423, 26.690872468991838, 61.21064348563553
47991, 14.265811867578327, 6.953068016083671, 35.13449516953969, 55.1752225800341
4800, 18.4671276304849, 6.05695043455109, 62.73018130110203, 27.316032705296838
4801, 16.516042289885952, 6.109628819509778, 47.33646878149445, 37.405816576282575
4802, 18.31909078531867, 6.354403661917367, 60.47519049619008, 27.834643307133856
4803, 18.987361979007538, 5.743306684316538, 67.91554475602548, 22.757273264595785
48059, 16.463295667600608, 7.041010173471354, 48.36480394658501, 41.98562558475802
48075, 11.702416099342821, 7.024459545451141, 25.391220453449108, 68.33960443801254
48079, 16.810142860373436, 7.09069597486606, 51.13972874139803, 39.344089534307784
48091, 14.888982440541422, 6.483372931016893, 37.81164243591989, 50.90208442809598
48093, 14.027242649392008, 7.240968181673255, 36.55097360044935, 54.186950009361546
48192, 17.9717324298245, 6.0068702091911375, 57.49270260989011, 31.05039491758242
48196, 18.77994644616139, 5.776348231087334, 64.86804504958816, 24.489109814374565
48197, 17.820184441792435, 5.968782263976516, 57.53151729586754, 31.307753083027034
4828, 11.761315525930057, 6.7826996653855876, 23.643427339884017, 70.0993945581125
48285, 13.095305614455256, 7.238494295929427, 30.7339013651769, 62.1741471603687
48289, 14.722642658995849, 6.530592532350804, 36.948121967291684, 51.916971185526876
4829, 10.906141669519148, 6.4679920074166395, 19.2538317329021, 75.01753080412725
48302, 16.974757447559075, 6.885631017824169, 51.69695804557756, 39.342807707664775
48304, 14.630226021941292, 6.363346177482518, 35.57332446208134, 51.722171397341
48305, 13.646892255448865, 7.061843115102107, 33.28208626802856, 57.85569466998491
48312, 12.697272918621499, 7.08802920675212, 28.587742076776273, 62.261051841191374
48314, 11.319694402629406, 6.004341317573321, 18.46749090271384, 73.72309176202376
48318, 12.585002826037336, 6.9855823068165614, 27.860806788677095, 64.84073206256728
4832, 14.740368039447898, 6.754133247876782, 37.64842274537669, 52.095214944183695
48361, 16.334360023216473, 6.944176266306064, 48.36661158999064, 41.819122887344975
48370, 17.478516716243785, 6.528853539551438, 54.693120593454736, 35.217189723256965
48371, 18.197990563297196, 6.500468242086664, 59.58858182863164, 31.17127257052541
4840, 15.647058343829247, 7.517327353551462, 44.73623954205196, 46.46059004843681
48408, 17.312434141466685, 6.758543857743331, 54.0436513143507, 36.349123037221716
4844, 15.954514760179006, 7.3230818671814575, 46.064760430630606, 44.272308904213716
4847, 17.418647234548477, 7.002867711726704, 55.94742717953922, 36.10829189079468
4848, 17.73244811940383, 6.991033821324183, 56.98559863200363, 34.71023592593582
4849, 18.623730894619833, 6.090744852209912, 63.36568034786298, 27.65934881747799
4852, 16.484664558108083, 6.962269914094355, 48.56275696564381, 41.94914506537735
4853, 14.800020572024357, 7.361177444667258, 40.00674948173623, 51.807093383900884
4856, 16.362919030405124, 6.977448829685067, 47.890851568679146, 42.95742156604271
4857, 15.539584139991065, 7.201884325420358, 43.795063194503356, 47.59662962648797
4858, 14.880370681818281, 7.549631323328278, 42.3193644082245, 50.15173730691854
4859, 14.614031640182057, 7.534321312005258, 39.60518198642813, 52.664250462677366
48593, 15.674452014472788, 7.177488596626956, 44.91732056567806, 45.89262756572239
48596, 13.997478118586589, 7.25559683629413, 34.98544088001792, 56.82412085313955
4860, 14.286124672216015, 6.8004391673005, 34.96864111498258, 55.52233132720937
4861, 15.135951635764165, 6.789697031498106, 39.85699487101746, 48.898405720205155
4862, 12.722889032373331, 6.507615179181784, 26.28987151947473, 64.12880476634378
4863, 17.25686759567522, 6.72493185381247, 53.186994760674736, 37.2347656944459
4864, 12.762495830890005, 6.9911124925784565, 29.1266183892912, 61.954136493307
4870, 15.855745326195885, 7.151562684518057, 46.16386201440509, 44.98706179025266
4872, 19.81203836845724, 5.615493904176323, 70.62230458411965, 20.394770397320595
48728, 15.30790377455394, 7.490784141690259, 43.24636623487198, 49.216079790792435
4873, 19.696305660106027, 5.826068437226139, 69.23085886746722, 21.579766128891297
48771, 12.58708716945893, 6.790940185663708, 27.982701201130105, 64.113673311552
48781, 13.225648461134071, 6.699463709901762, 30.21184123420545, 59.15436202976139
48784, 12.533735912984453, 6.539167285052499, 26.207144915010083, 63.85623739556324
48788, 14.570066981494877, 6.709768172666566, 35.62064628482972, 53.74661377708978
48789, 15.595817336762028, 7.296366302358794, 44.21248875448466, 47.339554948568704
48792, 14.853115752968195, 7.00827454427598, 38.56327116515204, 52.3268209788586
48793, 16.01288565262741, 7.14582581686091, 46.2261773507639, 45.222869743266656
48797, 13.500194541128252, 6.370048405007318, 31.300895656547283, 57.42474665867674
4880, 15.108463782742817, 7.118846711635697, 42.12639334970716, 48.74677246678002
4881, 13.303889992919794, 6.664704441207558, 29.997147080945098, 59.83089970692741
48813, 17.725357747827015, 7.212679062113701, 59.229753157764385, 33.045763504774484
48817, 15.256624604868101, 6.375745735024328, 38.436283009750134, 50.32263566332187
4882, 9.455702291715728, 5.7694807577600535, 12.78162221474966, 82.81684158363272
48836, 12.722922530567331, 6.914945209611208, 27.900010697856864, 63.97674999108512
48837, 11.241293990621424, 6.690805236237384, 21.48665515198124, 70.01475056417756
48838, 10.778882870502645, 6.697077503699662, 20.24347167907153, 72.50536142298473
4884, 13.05675988239359, 7.173207395432091, 30.721660154733872, 62.4990296788884
48841, 17.58525978374551, 6.907494118683849, 55.51200160572394, 35.36370827774301
48847, 17.990007444742304, 6.681006493200543, 58.27111245705454, 33.2421340629275
4885, 17.70336782260151, 6.173137013175073, 54.979015066880045, 33.849150034723266
48854, 13.428740511455379, 6.934336579121506, 31.38901399038252, 60.565426466956254
48855, 15.956798406782168, 6.719136969871283, 43.81036927113007, 44.899500483616656
48857, 16.52258850031702, 6.621289441245487, 47.57502766746956, 41.294186576394765
48863, 17.007668762009583, 7.146922009902464, 52.45934830749762, 39.063587472318886
48864, 17.062116815890843, 7.133424131964835, 52.75651326694588, 38.768331414255165
48865, 17.238321804401355, 6.696955429806249, 53.687037305849906, 36.150626602796734
48867, 10.229199286152054, 6.726924766120962, 18.244882228922492, 76.43444945705153
48868, 16.578445760097924, 6.973391419885236, 50.56496409700583, 39.859097683240755
48879, 13.971124009998796, 6.238012965243929, 30.136811421519603, 58.086342262601335
4888, 13.276884163261707, 6.695033490615274, 30.62140152497536, 59.36770579386897
48880, 13.883042431382622, 6.3281865656367815, 30.007058219617573, 59.01847970227146
48894, 12.852343473389059, 6.454302741191986, 26.69976740025049, 64.3552066559313
489, 13.31760458819329, 6.073261081944975, 26.589771137824087, 60.50961869818167
48946, 15.643199296767474, 6.75925936144116, 43.0850373446921, 46.718032825571385
48947, 15.643199296767474, 6.75925936144116, 43.0850373446921, 46.718032825571385
48959, 15.347416389776443, 7.244406001032254, 42.08882047773787, 49.96864488911692
48960, 15.332210551911327, 7.255628824798298, 42.06013477304083, 50.00627116518249
48963, 16.46618428340058, 7.146790988863012, 48.21857599945344, 43.227856028602986
48966, 12.848218804133623, 7.12537837565685, 30.46206896551724, 61.36256157635468
48969, 13.083453387424042, 7.325443343077748, 32.15126050420168, 59.88729609490855
48977, 13.112150465383078, 7.3412168847319625, 32.33546550138904, 59.64665987800176
48999, 16.8561513374814, 6.895229909531465, 50.6967018155871, 39.9112027273448
49003, 13.962569778820537, 6.7545106648597, 33.335047041283225, 56.17277603550803
49004, 16.763370229507306, 6.8841573714703115, 50.29312389519143, 40.08637085766709
49006, 16.763370229507306, 6.8841573714703115, 50.29312389519143, 40.08637085766709
4901, 15.116124972392974, 7.1940435272463095, 41.40330013378921, 50.50889450473217
49018, 12.985354734899575, 7.218017253830478, 31.265186362455495, 61.44459556520011
49035, 16.195990088227184, 6.9038221432929765, 47.10435617831516, 43.330131645855694
49036, 16.553710460584828, 6.496302005147641, 48.2353074989479, 40.61465667261911
4905, 14.24029674161705, 6.577955680069151, 35.30866088326351, 53.652186279550605
49051, 13.981886782963977, 6.199689092802032, 29.836502023596097, 58.07881826282058
49052, 13.819872503795139, 6.27472937997073, 29.494131155907123, 59.24874542825551
49055, 15.773900102923207, 7.029231740458285, 45.65033332511323, 45.39879822117005
49064, 17.04323407081252, 6.5455321154541375, 52.03435098820726, 37.18617742531947
49116, 15.640826635945535, 6.949803672181498, 44.21773485513608, 46.200760901375475
49120, 15.95312669393866, 7.0367036609454985, 45.978469595577536, 44.677334885074195
4914, 10.69847454795948, 6.523521655689445, 18.606199292698147, 75.26211774495528
49147, 14.386551625166177, 7.063477166581032, 37.55087726755863, 53.00375136823984
4916, 14.04951973905756, 6.719211207169699, 33.382593550430144, 56.81532696469098
49163, 12.091990062737164, 6.403185765587401, 22.547049150374566, 68.21147973166975
49164, 12.620272188840332, 6.443390874946059, 24.790003925160278, 65.64830563914693
4917, 14.226180648642808, 6.6868115122186165, 34.1626723847965, 55.90628153380423
4918, 12.871816327580618, 6.564494514643686, 27.349483239459726, 63.496472904248925
49180, 16.689032464419782, 6.997803095956799, 49.95759869378663, 40.48755173592213
49183, 14.02005778754602, 7.148920221180487, 35.36785062142899, 56.34564410673264
49186, 16.660094905222156, 6.779172582700776, 49.071666502691535, 40.12424630001827
4919, 14.512994300876885, 6.726017373973606, 35.838746696707766, 54.104505111548626
4920, 10.48174446045285, 5.763359109403186, 14.429880284672514, 78.20230754134259
4921, 14.498177659186538, 6.750376844167391, 35.87940332397742, 54.193867146025845
4922, 15.651553772483805, 6.746106583597448, 42.003351995150304, 47.65360339478658
49221, 15.878592991494445, 7.345603894813914, 48.33824753177106, 42.82646886589889
49225, 14.832458766578561, 7.181279174326753, 39.85744144916662, 51.70427139718099
49297, 11.860766733825443, 6.79248383917803, 24.474805111307564, 67.44997187173512
49301, 14.61935878105198, 7.087429458826345, 37.8948455471362, 53.35562239405166
49302, 14.627957013269143, 7.080322807344052, 37.90388165283282, 53.34271367162792
49303, 14.762382369867607, 6.981266158809779, 38.01809221108437, 53.10437121202373
49304, 14.762382369867607, 6.981266158809779, 38.01809221108437, 53.10437121202373
49305, 14.762382369867607, 6.981266158809779, 38.01809221108437, 53.10437121202373
49307, 16.807359195257593, 6.505689512646616, 49.86270517092435, 38.81895594224362
49310, 14.497025505388699, 6.763225889366675, 35.345018586445434, 55.19558848871273
49311, 14.270157028357547, 6.910717608197713, 35.13636587407079, 55.62201545808103
49312, 16.91932000868947, 6.386274045376684, 52.29341281430657, 37.08467524154348
49314, 16.484636364213337, 6.557462376774856, 49.01268864028831, 40.28830993317817
49318, 17.166754926428034, 6.324455406161385, 51.71784042917476, 36.47414678689647
49320, 16.386725636283582, 6.83041328169546, 48.42390015545816, 41.79101855836708
49322, 17.97299891099847, 6.042979900899993, 57.88674149717276, 30.72411173938729
49324, 16.794624510039817, 6.936154846532382, 51.31482380570641, 39.76424627682997
49326, 18.104572993559405, 6.055054969720427, 59.17424151985947, 30.170370244043866
49328, 16.779215952790075, 6.885770429486382, 50.670769503232094, 40.009297795094305
49330, 18.28955471078163, 5.9922722134303745, 60.413902000638316, 28.969780450521576
49333, 19.7265828539028, 5.851573182166212, 70.15059048967944, 21.74085105496657
49338, 19.709054740515715, 5.8175211506466145, 69.98251250559193, 21.684493066005125
49343, 19.979957716205412, 5.694234615804739, 71.73027511436987, 20.129096948047877
49359, 17.100436854497953, 6.966567224377663, 52.71299777105026, 38.1749226521175
49366, 13.979850674107958, 6.818678643915325, 33.085087564125246, 57.84362285512118
49368, 14.47592617587964, 7.192030620224719, 37.63951275965556, 53.24336517526137
49369, 14.563255019732054, 7.194149129465037, 38.3866671889076, 52.626219106184635
4937, 15.659193270325696, 6.8014390739053825, 42.91444967546034, 47.02528530703587
49371, 14.975014728971829, 7.360594511438664, 42.17010120373242, 50.02959997744764
49375, 14.85145142076065, 6.937993070524913, 37.972403219624375, 51.5293215791491
49376, 13.975847764331714, 7.260010081215859, 35.533177827084636, 57.133375054522006
49377, 16.270466617959435, 6.72246877987412, 46.666962870810565, 42.7437389849084
49378, 12.736757636358032, 6.497614090953475, 25.336437817746827, 64.57469987610544
4938, 14.599825301056187, 6.7803175079515885, 35.689185708503516, 54.23243919490746
4939, 15.379308364937758, 6.778237390717899, 40.58738521201478, 48.95456042146856
4940, 15.187544757668459, 7.016600473885145, 39.75847271126761, 50.82251320422535
4941, 14.631213357168999, 6.798585187961547, 35.99420392164148, 53.831077754762724
4942, 13.466844817275895, 7.09745274623571, 32.167648847597675, 59.53169892833924
4943, 14.486899767215013, 6.930280464963593, 36.21214836050887, 54.83099170504969
49430, 12.427487510126232, 6.292488568014112, 23.463648453951013, 66.89709630943145
49431, 16.210039745546684, 6.812991284412548, 46.94584637416702, 42.70502500375345
49433, 16.141126631871792, 6.746749888430086, 46.738639913909815, 42.70836949352588
49436, 15.78070180199765, 7.068122596993164, 45.12209221662119, 46.04587707533645
4944, 14.144168621376206, 6.693080414200488, 33.22859954675551, 56.911978475401106
49440, 14.344753080313092, 6.735004474136392, 35.4589681218794, 53.50403277429267
49445, 13.632885541028058, 6.533212689420158, 29.49480618191031, 60.398277172536105
49447, 14.455371802821167, 7.195973993267922, 36.879008208411875, 55.098092017992684
4945, 13.82201767581659, 6.725077653517094, 31.892642295233685, 58.68209162424803
49452, 14.409241629372929, 7.068130158916294, 36.78190540379812, 53.9804939935773
4946, 14.675233742227013, 6.995400192165873, 37.52053798292317, 53.710304455956695
4947, 13.901130408433543, 6.7557475390109865, 32.76993438059257, 57.92223286755003
49475, 10.768233455086055, 6.3935991662143765, 19.007977166276348, 75.0365925058548
49476, 12.3212823945166, 6.21334499911835, 23.813953488372093, 67.12790697674419
49477, 12.356200668763437, 6.199985211206036, 23.956227984061904, 67.0352832476757
49479, 16.097289533300167, 7.118676861170454, 46.319390795717915, 44.25402431141312
4948, 13.735837715706158, 6.63427927956271, 31.37136849294142, 58.85265494280348
49480, 14.394763904259696, 7.482390079277159, 37.746747783314994, 55.08704938191703
4949, 12.071950344710874, 6.450063826188128, 23.304105221203667, 68.65683539258669
495, 13.06104998331844, 6.981110011273183, 30.20811868947043, 60.713203476321496
4950, 11.251921416557725, 6.194177656901978, 19.453477588871714, 73.10664605873262
49501, 9.247852935440429, 6.520244457877678, 15.19831621031994, 80.14723549028841
49502, 15.519741335783287, 6.377103293717716, 42.009249743062696, 47.121231586159645
49503, 15.525836999480452, 6.38167423677572, 42.07816397092669, 47.02469519048588
49515, 18.83296791780067, 6.294465554905914, 65.61325966850828, 25.69797421731123
49516, 16.096800146945444, 6.613418024864157, 45.57201073451943, 43.52947023158732
49517, 16.174302153752375, 6.585003656206225, 45.92797502728219, 43.164226074156794
49518, 16.11876435938105, 6.619749180789926, 45.73693496682488, 43.40100892124947
49519, 16.167536201693114, 6.594367636068475, 45.92523032410345, 43.16641709601279
49520, 16.106791757788454, 6.633698237014845, 45.73444993911682, 43.413434059789765
4953, 18.470642817019225, 6.180034083665046, 59.09242935902553, 30.136912404112763
49532, 12.411642884687708, 6.86808114306122, 27.47870801864053, 64.78695657548302
49541, 14.545861638113127, 6.8564735904332705, 36.705906403856964, 54.47792977733863
49551, 20.09676006792979, 5.306783738274192, 75.70607610904759, 16.5989207372626
49552, 19.71958813039712, 5.400886000605146, 72.76085905669498, 18.085767557489124
49553, 19.647403235737244, 5.499329158569343, 72.33446549248923, 18.733148919780103
49581, 13.917899960156515, 7.059226590100457, 34.43380921479559, 55.88092147955873
496, 11.998363222559826, 7.319351796485668, 28.28497565712636, 65.25202419852236
49602, 15.317889688423055, 6.814854971498388, 41.59490827405466, 48.3810581997802
49608, 15.656536354305826, 6.4904846286431015, 41.42363089480449, 48.002491089056434
49612, 13.477622591993335, 6.7311116011734535, 32.101425051690626, 58.8171204298679
49615, 15.292363306877466, 6.820082694027064, 41.30616182951316, 48.41716863542726
49616, 15.807692919810222, 6.658246642971475, 44.98233138942485, 44.56392134758384
49622, 15.307670981607618, 6.8519514231205445, 40.30287905852685, 49.38137017967847
49632, 14.270047981832718, 6.422093931196459, 34.68439502997366, 53.2950278993549
49633, 14.128144827882313, 6.408713999709771, 33.977138352384706, 54.17297678567724
49634, 14.28722094830473, 6.427345747108085, 34.92708830301396, 53.158124001742415
49641, 12.133151215412527, 6.656623532367448, 25.29405496676257, 65.36995598396734
49647, 16.072178429174638, 7.158899578094578, 46.63014071565909, 44.47091252488472
49648, 15.468163208435914, 7.01970564528111, 42.643226904770174, 48.08914984539485
4966, 15.372143074714913, 7.425475244163656, 43.365973072215425, 47.782352286636254
4967, 16.216358582683984, 6.963122247864254, 46.66781084149658, 44.06569323792676
49671, 12.641450206049045, 6.288915609573873, 24.95409145877189, 64.31450709902808
49672, 12.813559917253079, 6.009588463067662, 24.43473304199126, 65.17987206282855
4968, 15.639359380888328, 7.041783172325219, 43.654635861507984, 47.169415253014265
4969, 18.105162529697978, 5.987101245514116, 57.12980329918723, 28.990525657673256
4977, 15.4752469921431, 7.172798141097667, 43.515641550737946, 47.87532660122873
4979, 14.930663691487538, 6.932050077173963, 39.646832670213236, 51.04474943001476
49796, 15.162600692837485, 7.231738579645862, 42.205393915238474, 49.08330011956955
49800, 17.174432821080693, 6.508149791516666, 50.688789943666826, 37.52429214533468
49801, 17.445199300554272, 6.6145776133615035, 53.55582973473165, 35.442319555829734
49803, 17.711873105436954, 6.272878774416118, 56.46847960444994, 32.38195302843016
49818, 13.802387972301046, 7.640107025700024, 37.071898500848114, 55.47940504554324
49819, 18.359403473908472, 6.546043417094196, 61.08092230870906, 30.03286091937142
49843, 14.84352389968008, 6.431477186473908, 36.83782118972193, 51.152763111580434
49866, 18.96445626769618, 6.183696264368822, 67.306640625, 25.177734375
49877, 14.403857219615288, 6.6290204059725, 35.11139934876306, 54.08914650129031
49886, 16.14643849383224, 6.3463649818795, 46.215839107005394, 41.49947074672825
49895, 9.150239347881566, 5.7781923958671575, 12.458535989743382, 82.62886912635585
49898, 14.900628658432668, 6.68937136364978, 38.26541084175238, 50.778809094848235
49900, 14.631957361175319, 5.988813804050569, 34.141998014830385, 51.20423892100193
49905, 15.17231481928012, 6.827909010638838, 40.558146420904585, 48.94761517013349
49907, 14.963207152156405, 6.874986185958227, 39.70038847724368, 50.36303384592471
49913, 16.383992245814873, 6.912326932960986, 47.95268709818363, 42.63778790337682
49923, 16.00907859056354, 7.110777723856998, 46.154245785385875, 44.178767176663115
49934, 17.716201678712206, 6.265249825780723, 56.320093191110296, 33.07028162901715
49935, 14.804211277420496, 6.67238815080239, 36.54004825216456, 52.74734456432056
49936, 13.072615194301825, 6.466770741587991, 26.499683642827733, 63.4853521607697
49937, 13.380301518705148, 6.57604822505649, 28.46875318584973, 61.53328575797736
49939, 14.345077603751445, 6.6133486885872745, 33.733224667209996, 55.09807117631078
49946, 13.302154790754017, 6.764328419578001, 30.391442753857774, 60.936656954785796
49951, 15.312324015795484, 6.898461873662329, 42.45842355261815, 47.89198626021698
49970, 12.59244143253826, 7.676125785387538, 31.231672376381404, 61.906577479240376
49980, 12.845824284047286, 7.561060136834079, 32.86939885809942, 59.82482886437689
49986, 15.616451936481788, 6.958718072409069, 43.852619458837076, 47.18480138169257
49987, 15.706712070983253, 6.960574334563357, 44.275442477876105, 46.589233038348084
49988, 15.289569070730533, 7.070872166126228, 42.39450893679749, 48.77234199373503
49989, 15.328022193178015, 7.091029626644473, 42.62382061869939, 48.598583589010126
500, 12.938312179088086, 6.8802432897151355, 28.43285621203523, 63.45923450406708
50023, 16.51034456714839, 6.895968267400516, 48.69047089688292, 42.0012746972594
5032, 14.312699940281533, 7.253795364071379, 37.81896579463912, 54.085014641052865
5033, 14.373914789246394, 6.660221676862642, 35.408413506885495, 54.04829277494812
50405, 16.16213436413101, 6.492746194405946, 46.00324418122147, 42.71002301105285
50409, 16.20278709428691, 6.328049184544538, 47.00133411932612, 41.87273122149484
50415, 14.975059141907266, 6.528750041410138, 38.26630866845665, 50.34724826375868
50416, 13.407922836739457, 6.567520429998609, 28.900005027399327, 59.79463073751948
50417, 13.37554942448528, 6.567769613295627, 28.730555287167526, 59.973222542754215
50427, 18.82011791387613, 6.327907367343698, 63.92267854992172, 27.57135974948814
5045, 13.145061481624, 6.978282830261912, 30.25763194734386, 61.04084289117567
5046, 14.669825412269175, 6.80284979921816, 37.91137106586335, 51.751029801955525
5047, 15.115746685388263, 6.486006686100235, 39.03221867531879, 49.17578104558062
50473, 14.585898995850373, 6.262251220265781, 35.858879425813136, 51.199171068260505
50486, 12.935797326055708, 7.126186262583253, 31.013475517047468, 60.53672963572366
50487, 12.688389180476765, 7.049069986079079, 29.632903597465287, 62.274289346655806
50489, 14.439665378499674, 6.498216033068042, 35.090341804027005, 53.400483561904956
50490, 12.963938031353905, 6.572315317081026, 28.268277874615638, 61.14690847842692
50492, 15.586804016000952, 6.897085709953933, 43.55446898437824, 46.05312228069449
50493, 15.56447988588576, 6.892516992115724, 43.477178340586995, 46.09347767630392
50496, 18.20541957975899, 6.218142253526653, 58.40009860717367, 31.269259213607793
50498, 18.10964536836644, 6.252454057622738, 57.717525339107944, 32.00998526271467
50499, 19.460307085768186, 6.057544838455826, 67.49585639239261, 24.143888529932298
50502, 16.75278808260852, 6.748510430781873, 49.637131933731304, 40.13548863102824
50514, 15.919207797502311, 6.80859481432036, 44.588031032285, 45.108898705522954
50515, 12.746796890537698, 6.521462789704692, 26.589424817058777, 64.76709418522307
50516, 14.26411504072866, 6.940294359661641, 35.35582870116652, 54.79527127534644
50520, 13.371825289959434, 7.199149607603637, 32.42274758004468, 59.42386448250186
50522, 15.756457181334016, 6.944254128411722, 44.08104523520614, 46.761859073849365
50525, 12.654951640893568, 6.841581112245378, 27.733515274231884, 64.49071221058192
50526, 12.64255688243883, 6.841105560761286, 27.712487345393722, 64.63972886130551
50527, 13.888067800801172, 7.405265908780725, 35.95979143148955, 56.44788474977154
50528, 14.239138061435094, 7.225894250226133, 38.424897519866256, 53.11218998328256
50530, 17.54245111503727, 6.490897448616129, 56.517616863154466, 33.95519886608503
50531, 17.02974679639376, 6.590580380341965, 53.774786247043835, 36.76455099910957
50532, 17.541745128655336, 6.89866093283232, 56.26916383525317, 35.52388055578575
50536, 14.064817595909034, 6.94582952859609, 35.37010851831089, 54.24158501995498
50537, 11.884534955177818, 6.230730875970189, 21.5892535993811, 68.27320131416343
50538, 14.588453621242678, 7.154000779691549, 37.8716744913928, 53.76225607613938
50539, 16.124663470430693, 7.331746385373832, 47.82608695652174, 44.0853651890525
50542, 13.583491269069743, 7.036589929587841, 34.17631120166355, 56.70776533848642
50543, 13.423646601974562, 7.530031054897472, 34.97096246734452, 58.170917360497675
50544, 14.003971509204089, 7.041319361937487, 34.93166963755199, 56.00911071499307
50546, 17.41824913776403, 6.607511525416711, 55.98676957001103, 34.84414152550867
50547, 16.481253976247814, 6.682392552629762, 48.74985641536164, 41.42512539725083
50548, 16.34738885473842, 6.9226328958770855, 48.76746858434963, 42.00615338992475
50549, 15.376138276415734, 6.8528516773497685, 42.42051589682064, 48.12237552489502
5059, 15.117221830639869, 6.8879631536540264, 40.39467427484546, 49.54298092671844
5060, 14.06805391653908, 7.30379355064707, 36.23653345164556, 55.51573893951287
5061, 16.388879700265687, 6.779541381227911, 46.9734861898017, 43.03735835694051
50611, 15.405902552700681, 6.8600007089736, 42.13637142367654, 48.17971560733253
50614, 17.209466506176277, 6.428600938940286, 54.60611531970012, 35.0119715822114
50615, 15.720691380114232, 6.705959211688859, 43.76355539584964, 45.510196224381104
50624, 16.018397849639847, 6.852622062879571, 46.289366354118485, 44.42248665012825
50627, 17.521863879421225, 6.962274461918157, 55.5898813521379, 36.149541079023955
50644, 15.399618332888119, 7.200923901720392, 42.56615840941744, 48.720860175186544
50645, 14.81151188808745, 7.136512806004335, 39.29855030513544, 51.400246038063536
50648, 14.661347566481128, 7.113419022986103, 37.098658157887236, 53.53551180878038
50650, 14.628479775314686, 7.111260114229185, 36.88851534231745, 53.76933815778228
50660, 15.453163682557788, 6.7048453761181905, 40.02397008290918, 46.25695018622327
50664, 16.595514655322845, 6.02412661708666, 44.79269898087476, 39.380537518304315
50665, 17.976261347813292, 5.5659829159937715, 56.48394307634283, 30.894054660693428
5069, 16.466135606928685, 5.979134695483604, 47.551381650113086, 39.315566919067756
5070, 14.069201876824827, 6.361867337019293, 32.75598254151407, 55.90603521798023
50708, 18.208622441792247, 6.358333268653902, 60.127556343906505, 30.715254590984976
50709, 17.170202978809183, 6.688193932669309, 54.46647274954072, 35.835119412124925
5073, 14.863113111421429, 6.71730728224198, 39.44050949348253, 50.733884887804294
50737, 13.98335497190811, 6.946077290824655, 33.56683115211328, 56.83437030680112
50739, 16.525198030345678, 6.861799523092042, 47.30686889558725, 42.6150585278047
5074, 14.934851168731525, 7.112641810274763, 41.8320263938032, 49.57683848140002
50740, 16.47133263003224, 7.1861679834767935, 48.36399292307036, 42.24095666446401
50741, 16.532967736329237, 6.858576228496213, 47.37234518458556, 42.53882367978186
50747, 12.302195818904874, 6.792184296341006, 25.430799497499347, 66.66666666666666
50749, 15.181760267647253, 7.15948556901617, 41.42108277168406, 49.26875468041055
50758, 13.98952359233214, 6.929689520304485, 33.55492788332457, 56.84276094637698
50765, 14.329484556860423, 7.079482627649569, 35.85004883179325, 54.83112785344023
50766, 14.260015136222917, 6.8461858153128645, 34.39293930468062, 55.21167035754983
50772, 14.279166862537478, 6.851350454709261, 34.50041501827158, 55.09717895372277
50773, 13.979484438079355, 6.985487548750043, 33.71597633136095, 56.71866594943518
50774, 16.379627805499286, 7.140716385341906, 47.87154672578445, 42.56693383356071
5078, 14.067632060026606, 7.1931451644132745, 35.705399353072906, 56.02818430636296
50787, 13.641308322308362, 7.141196475228141, 34.27366271728325, 57.499798500846296
5079, 16.817179985825458, 6.848172349891871, 50.523077606503485, 40.15925547510106
50811, 14.305636251290691, 6.984264291426057, 36.16483747837469, 55.11547227841497
50814, 15.60769699277925, 6.654129346439381, 41.413461157548625, 48.79768648734303
50822, 16.20746576632755, 6.39600750722594, 44.80458326793282, 42.23041908648564
50824, 16.26173204681219, 6.313396798166555, 44.9577487244898, 42.260576105442176
50825, 16.400019740258596, 6.486902900594613, 46.71627453073299, 41.042375078147636
50826, 16.34511300628769, 6.526054169773746, 46.55393248147357, 41.16983318593517
50829, 16.832382087033114, 6.676899285423912, 49.699599465954606, 39.55273698264353
50831, 15.904335560326503, 6.588534340212529, 43.52762849662395, 44.85140783611226
50834, 15.021745947773237, 7.467238142446264, 40.70487726246949, 52.4593561460876
50837, 14.043777398134898, 6.856092292082147, 34.05324707638716, 56.7554117939786
5086, 17.730176040819014, 6.661487416913567, 57.07812986718772, 34.069606094073
50864, 16.95077896068669, 6.828597980799031, 51.612113496707224, 39.03346635003795
50868, 17.11292785096676, 6.878569551469047, 53.680803386173125, 36.91869311422801
50869, 17.566037264126614, 6.756525770688464, 56.83417419012214, 33.71946362187998
5087, 18.598442778956947, 6.516886716153062, 62.38879478456436, 29.255690148463408
50876, 17.113939956862218, 6.934250249330624, 52.48197174750568, 38.32608910402055
50877, 16.80890526013507, 7.391191792913851, 52.94680943675459, 39.29949798322742
50878, 16.92420479547649, 7.026883426517079, 50.80255269773738, 38.4341243749482
50879, 16.105312796707544, 6.944495691640978, 45.09569645130313, 45.1336623713067
50886, 17.04874565270551, 7.1346681805953835, 52.36716948501153, 39.28588585703305
50887, 17.095111865034617, 7.1178156069807015, 52.640806751952795, 38.898696524872435
50895, 15.989456470063418, 6.96753781514924, 45.31988020822865, 45.106827728981166
50899, 15.602502355648907, 7.352859615095924, 44.83349028336615, 47.08786348200782
50901, 17.045320216621388, 6.72882106419375, 51.40564556283274, 38.48289861733502
50908, 17.081633627785305, 7.005768096707194, 52.484830478454136, 38.53115608323525
50910, 15.541360703578952, 6.983108092339782, 42.33736888729121, 47.43295117536044
50911, 14.833515968699082, 7.164850197074779, 39.63357010029571, 51.679724415449805
50912, 14.832894794478955, 7.169924158910383, 39.65643386275646, 51.662957656311924
50913, 14.832894794478955, 7.169924158910383, 39.65643386275646, 51.662957656311924
50914, 14.832894794478955, 7.169924158910383, 39.65643386275646, 51.662957656311924
50915, 14.718464669278177, 7.87244428026167, 41.97818106612895, 51.29517605087638
50916, 16.479766830607243, 6.975631512216096, 48.181031735191006, 42.49419478213359
50917, 16.29845554674464, 6.976521472239665, 46.89104521499174, 43.6701273438737
50920, 15.936391080252129, 7.264426187367809, 46.123053301162535, 45.04003070848871
50921, 16.639894068810232, 7.315625825557337, 51.080175716606824, 40.63948007140994
50924, 16.33138404155691, 7.092881435103362, 48.70302231497245, 42.07626265399894
50934, 16.499829023305516, 7.01588275961514, 48.741440833252966, 42.00742598129039
5094, 16.84241877322608, 6.252138063307688, 49.90244239950184, 38.60375008648723
50941, 16.527494831142032, 6.767996561264548, 46.774951243469474, 44.53286261335004
50943, 14.251055361101276, 6.3925862534256055, 34.24772675173837, 53.92246758870125
50944, 17.34210427750171, 6.947332225417767, 54.24536868870323, 36.58508899382492
50948, 17.4576884482397, 6.463696119620279, 54.022937361647216, 35.262578284036174
5095, 17.57413746384201, 6.8241294609457, 56.916159380188155, 34.822910902047596
50953, 12.813265827897633, 6.902516745051021, 27.864863837390548, 64.83088971398882
5098, 15.173137162377532, 6.649076077823565, 40.98663787285734, 47.55702523957349
50982, 17.13467748156331, 6.779351299259854, 52.884248804950296, 37.85154989882401
50983, 18.520905494806573, 6.737203270108062, 60.87260289685808, 30.48166261718302
50985, 18.522092790306317, 6.738141389373887, 60.86484228117819, 30.471067474409857
5099, 17.81916619210716, 6.737632891542113, 57.33094120894287, 33.95252553132762
51001, 14.121764385108095, 6.977161759229163, 34.95026419988135, 56.18834761254363
51010, 10.26664061628427, 6.401234455147043, 17.17718556809053, 77.57791671032564
51012, 12.079975744560192, 6.754068550378755, 24.40170473172331, 67.71718937821004
51017, 16.939106717399614, 6.813539500502145, 51.29310931229168, 39.22590299979593
5102, 18.104980318579305, 6.650355525441755, 58.763593734410854, 32.405467424922676
51020, 18.414955066371387, 6.801160381467182, 61.07013670315216, 30.901489171794992
51023, 20.94540923739145, 5.884709899643486, 77.17828067816865, 17.792217491971023
51027, 15.552816059723696, 7.181934912893231, 44.38784309043393, 47.043684748146084
51028, 14.56543390482784, 7.099191821195478, 38.37926429525312, 52.593177127595006
5103, 16.27528912148436, 6.929309767900883, 47.17601253981898, 43.24594225615614
51030, 17.196351764229174, 6.559791482075989, 53.48449267147137, 35.08462223661835
51047, 14.345659033820597, 6.930438931587887, 36.779170684667314, 53.4391163320768
5105, 15.93697258925653, 6.880590292017469, 46.48759020406092, 44.52561224619209
5106, 15.854230374524125, 6.920121354153706, 46.247933884297524, 44.73363000635728
51076, 15.365530784600027, 7.175468772885408, 42.969345737379896, 48.56069849016318
5109, 15.323809848157962, 6.840474665013775, 41.40106741377913, 48.89843361079917
5110, 16.020222478544564, 7.010347805112706, 45.7805451837783, 44.97118684307082
51105, 12.155012764234414, 6.303858128595289, 22.699996272782617, 68.72740374461105
51132, 13.908567903791532, 6.629749589514585, 33.385775604083655, 56.394821895788084
51156, 14.525803417853867, 5.7988357499086485, 30.53196603108476, 52.32134273353629
51191, 14.49930317710344, 7.361920750917071, 38.38052533975477, 53.037725926541
51192, 17.931387801353782, 6.562948449284811, 57.6109231003431, 32.518706746138626
51211, 17.85363328092083, 6.685199915953097, 58.35782003659145, 32.45828020180739
51283, 16.75685263941229, 6.573284299806093, 49.6640852124203, 40.268243226736374
51288, 15.36312177379158, 6.227828051326917, 40.81503797377014, 46.823191961466996
51292, 18.003400215003552, 6.86125602162601, 59.4631177842234, 32.69066712165159
51309, 16.191301823169507, 7.466531995774104, 48.75331111680766, 43.04366401777322
51310, 15.91770571330016, 7.018614243605926, 43.70320530256396, 44.59650981346542
51311, 15.96719235350188, 7.354547873875512, 46.791955949245875, 43.61469270494887
51312, 16.1371167020724, 7.177275755641476, 47.855630579079886, 41.52552071412223
51314, 15.753684394070298, 7.0905555754637, 44.69589414503947, 43.76029303197229
51316, 15.781511624244107, 7.07380437339778, 44.385378261739405, 43.74660607619538
51317, 17.163099592654195, 7.204675667408861, 54.4698082903325, 36.170249120049206
51320, 13.190547694737687, 7.0367701010585195, 30.663917525773194, 61.312714776632305
51392, 15.95320394571044, 7.04567983329415, 45.92201316060045, 45.00951059017068
51395, 14.364617415621344, 7.270821782433463, 37.96599740499472, 53.57749568613812
5145, 16.018913555919244, 6.917825489725254, 46.2188387366514, 44.15448669930143
5147, 17.24222259148114, 6.437744861264347, 53.081761006289305, 36.20020964360587
51487, 16.899632333507864, 6.0402330330908605, 50.7794096099007, 37.98649699620157
51488, 15.311207823400368, 6.8803620757520125, 43.10582855170629, 46.521635963587734
51489, 14.774264672980566, 6.989627238155552, 40.81500573387985, 49.026375847308486
5149, 16.614224480791066, 6.763912325975556, 48.99383078730905, 41.341069330199765
51494, 15.311370875277683, 6.652355854082889, 41.954487200198166, 47.394268359665276
51496, 15.259733828692513, 6.685252417822109, 41.84463614530494, 47.66997296802472
51497, 17.251571078748224, 6.049094376943198, 54.37471111461845, 34.34494887433345
5150, 17.206473689557388, 6.796312445115426, 53.689502746825966, 37.644932141394456
51501, 15.612421328781641, 6.632592515424452, 43.84460771510658, 45.248180238698176
51502, 15.612421328781641, 6.632592515424452, 43.84460771510658, 45.248180238698176
51504, 16.699232204038843, 6.103984520359844, 48.5810734781141, 38.06233824687747
5151, 17.364865206381147, 6.803213875660916, 55.12446075935801, 35.895340424961816
51511, 15.333436375788917, 6.854395648397933, 43.032601435066475, 46.46189316727359
51512, 17.31555752674514, 6.014554477262603, 54.68920576682835, 34.15979201602647
51513, 15.311105272167453, 6.876530962563262, 42.98842896851904, 46.494214484259516
5153, 13.73062260054749, 6.898015590637827, 30.806323628151134, 61.407149687684395
5154, 17.372252581444098, 6.611904266551479, 54.396140733090945, 35.70104828327698
5156, 16.790080612345445, 6.548548800126863, 50.138500318550726, 38.601423783274704
5158, 13.463664110754587, 6.596218336511268, 29.00818587729453, 61.958409128493464
51580, 16.66930198850797, 7.057165301969367, 50.44942198428007, 40.45978821399047
51586, 17.38401893457545, 6.4284352085334975, 54.75793873935048, 34.75114850455688
5160, 15.636177107447883, 6.6987022414042015, 43.67868806893197, 46.12049197415051
5161, 16.843588635599342, 6.951475089842891, 51.1431110108176, 39.65840655543489
51616, 14.252959655593342, 6.442852083095156, 33.70251553111315, 55.23220287198289
5162, 16.78935257955957, 6.688822770145413, 51.19976549086391, 38.91874537612195
51620, 11.560563862459304, 7.016569754612202, 24.706534965285236, 69.42058549853267
51624, 14.520180180048897, 7.03309897245988, 38.654875933328306, 52.43419564069689
51629, 17.610045866796572, 6.830081364608269, 53.89695783044507, 36.175808761214526
5163, 13.477978224072864, 6.675549479162628, 30.409273331024504, 60.908183429421236
51647, 16.886014445218215, 6.589036735967434, 51.676564978420444, 38.11403346981937
51652, 13.852946867532273, 6.67668835033298, 33.10407395147548, 56.64300513688134
51657, 11.844554099444878, 6.136868282886254, 20.733752869939686, 70.29657034772367
51662, 17.761410813451736, 5.998988889235951, 56.895312322651435, 31.770458930800956
51667, 20.15061847494376, 6.149146492041731, 71.45792349726776, 21.61457194899818
51673, 11.776881650243967, 6.374160794765311, 21.786723799578706, 70.42651639270476
5168, 12.928122561545825, 5.9460567234589154, 23.616983568372284, 66.06830898549258
51680, 10.28691460739336, 6.057742917467797, 15.670552622569774, 78.4752878430242
51693, 19.70157924054292, 6.36230423354425, 71.0682114778623, 22.23000286469109
51695, 19.88959205776789, 6.194593219549031, 73.26829731054437, 20.70770155106171
517, 14.677427074084854, 7.3408949476709715, 39.3307129011415, 52.63299590781823
51706, 16.60012831381485, 7.001208342740957, 49.53043422895709, 41.46026996052464
51708, 13.90344920584814, 6.925117669159278, 33.865698729582576, 57.67046927663988
51712, 13.354555798850154, 7.48194410739136, 32.61639228181979, 61.11195407531043
51716, 14.852672413206673, 6.7669554004376575, 37.133765229407814, 51.37872890703247
51722, 10.58902146007182, 6.322791178514263, 18.258637871486492, 74.96757811966745
51723, 10.58902146007182, 6.322791178514263, 18.258637871486492, 74.96757811966745
518, 14.763586657988707, 6.881742921894881, 37.820618386924124, 52.166618633949525
5184, 16.77909236774356, 6.525722025970178, 49.27357293868922, 38.981818181818184
519, 15.218848413869114, 7.397523748624103, 42.70382895852747, 49.507376268205086
5196, 11.367043128093034, 6.860873506441516, 22.42282075985423, 71.21853139530013
5197, 12.774687813637005, 6.473445644882, 26.464620299615767, 63.402840737382895
5199, 11.880957963539355, 6.462840009772972, 23.01096369608805, 67.22409453521607
5204, 10.464667259205203, 6.367294358851264, 17.72897930673186, 75.2510259320702
5207, 14.737827682805516, 6.995065058212081, 38.677118257964274, 50.151283279400936
5212, 15.653562361155629, 6.848079279820032, 42.59721855259049, 46.072826844090024
5219, 15.978634047634642, 6.951909986221216, 45.09113994878086, 45.02119783932683
5220, 16.327047888978974, 6.991956976893644, 48.4721660537775, 42.58748953699437
5224, 15.76427647318275, 6.867629343778831, 43.90230810520666, 46.52925389157273
5229, 15.59805635106996, 7.235627191787256, 44.905167408554284, 46.732468872975936
5230, 16.05327734086806, 6.998519509968094, 46.46125205099079, 44.12312255458791
5233, 16.441217671608065, 6.843012086400972, 48.53461036134088, 41.74836743578581
5234, 17.06327602659086, 6.598703439295955, 52.521454558114435, 37.34572736609397
5237, 12.10301934083363, 6.638442018861013, 24.88884916999933, 66.88710650371992
524, 19.057044218018454, 5.971683150594395, 65.86132117437722, 24.238211743772244
5241, 11.53814482002086, 6.926706885582498, 23.263971556909986, 70.17284891195658
5249, 13.210979360553626, 6.576915513398161, 27.887571979650026, 60.28540280650751
525, 18.069089634223484, 6.363686141284061, 58.81170707197588, 30.532177699618973
5252, 16.42738165436226, 7.062748658521361, 48.9108545602681, 42.746460469477796
5254, 15.776949704475873, 7.141745679213401, 44.279869800220986, 47.07498432227432
5257, 16.817606984033993, 6.433350581513816, 50.71151716500554, 38.116002214839426
5258, 16.8353951962365, 6.410416130399852, 50.715706864153866, 38.06648612799823
5259, 15.638625226704296, 7.192683916611198, 44.403157045742596, 46.40511579675078
526, 16.05735695295747, 7.050597402920828, 47.0121017820524, 43.53464460041013
5260, 13.036249620112732, 6.922064450494509, 29.364168567236597, 62.74205029125931
5261, 15.26217433088998, 6.605636182804851, 40.04992412100926, 47.280411873998325
5263, 14.002850043942884, 6.2118230924845905, 30.525766276381532, 56.05787157879036
5264, 14.853213676858928, 6.476716131942294, 36.74512601046124, 50.99708749405612
5265, 15.917958500881316, 6.579510845484187, 44.822687839277556, 44.195288586745136
5266, 15.463383414100143, 6.569996967024235, 41.12255630311024, 48.00414030284312
5271, 14.77176528131452, 7.137462016687037, 39.30564418677275, 52.00200947712862
5272, 14.039637349722932, 6.9685996459398405, 34.530150792788035, 57.02483189166524
5275, 16.061281809038974, 7.427098777489947, 50.74122506052798, 41.15644056604995
5276, 16.307189471416727, 6.754833337789113, 48.77922077922078, 41.67464114832536
5277, 16.504993717861165, 7.149803935033289, 49.20392778329063, 42.702054236585255
5278, 13.795676107429268, 7.236139921075463, 33.67253635371501, 58.87679556381441
5280, 15.470534253809829, 7.010913786125963, 44.81021571627825, 45.9179113572657
5282, 16.619349849522518, 6.840815848489423, 51.66650827484149, 38.195962366102336
5283, 16.42378965176128, 7.0716586138995545, 48.95694015280788, 42.76314778090363
5284, 14.985294831625314, 7.400006040464607, 40.529522510636404, 51.77668737121426
5285, 12.852437574021135, 6.909110596885773, 28.858150818858046, 62.57772168137473
5286, 12.476979786674711, 6.653531705082858, 25.81167317813165, 65.35844131630465
5289, 15.545221728478223, 7.216942051894526, 44.512233277016456, 46.49740316625993
5293, 16.567508908878008, 6.254957609921212, 47.18867442624147, 39.65775166928157
5294, 16.03934900802032, 6.837003055346562, 47.00253688332799, 42.55929656905003
5295, 19.97163504284834, 5.297484843583411, 72.21950756033337, 18.085077503596928
5296, 12.401062267633751, 6.201839928191967, 23.552455981746952, 67.01536872013432
5297, 13.849098552698157, 6.999947380958424, 34.392138340024665, 56.423679445800204
5302, 13.651232881575694, 7.5724070784929145, 37.16576514366824, 55.18215879592333
5307, 11.039269792213126, 6.483080301073626, 19.872003592881605, 73.7495087857183
5312, 10.832506199648519, 6.180990191391718, 18.38055025878507, 74.45110324162354
5316, 10.955717537762421, 6.301985913142316, 18.95481527661074, 74.26476567370503
5319, 13.977789419726127, 6.587943869775199, 32.622478386167145, 57.14157060518732
5320, 13.227482979786215, 6.67195697804083, 28.76006794148266, 62.58104578744543
5321, 13.947685777999498, 6.355772153363608, 31.910024704199714, 57.15511636978287
5322, 13.54456559525707, 6.614965357349201, 30.204331908600697, 60.53310249057693
5323, 13.584245647273223, 6.557744456715198, 29.6000286717798, 60.11397032470791
5324, 13.815730244484506, 7.254568662225866, 34.96573013132423, 56.70486056610684
5325, 14.292855975529703, 6.99665029374102, 36.87506480041473, 54.64178330741317
5326, 15.007736459774272, 6.9289982101891905, 40.61509132997452, 50.47172564047698
5329, 18.073750349927696, 6.69484526284157, 59.04710438620193, 31.893782461196672
5330, 16.89714671304711, 7.099857634874638, 51.06806036922992, 40.64290744397343
5333, 17.246311014432777, 6.586857134765379, 54.41762885370789, 35.713010355910015
5335, 15.110745937232897, 6.971554274679667, 40.181106486203376, 51.30247815420239
5337, 18.004309883078, 6.621921782153901, 58.3764726883256, 31.863620135665833
5339, 15.460256846430628, 7.193617267923947, 43.74896528889134, 47.524971028088956
539, 17.09508139801072, 7.130456686768742, 53.82116821998708, 37.65248685060441
5403, 15.730060278735381, 6.994554287531545, 43.89815010199057, 46.708166279805866
5405, 15.551786628713094, 7.517557614251386, 44.560543914676174, 47.86412031452027
5406, 15.075541145023285, 6.991297889182956, 39.95790902919212, 50.86490156143923
5414, 10.684863611229419, 6.523960753626806, 18.91039567185726, 75.2939857317056
5418, 14.811496857178078, 7.325002279844346, 39.97937435544861, 51.76349260914404
5422, 12.633240193536311, 6.678707570387336, 27.63095351269132, 62.429888772697026
5443, 13.110557014211984, 7.3997543695365495, 32.0293021462537, 60.69142783703894
5446, 13.475986111975201, 6.8340638138585375, 31.29013587630571, 59.696460233902016
5452, 12.183701876943077, 6.509392946521411, 24.623684665838276, 66.99592619972631
5453, 12.410473497000913, 6.60494664422223, 25.47969726470496, 66.0380617404139
546, 15.890910330973112, 6.810354985894447, 44.942885058441796, 45.16362495928977
5496, 15.182806935173376, 6.703111538433222, 40.50685433022821, 49.14615791400561
5497, 10.024395822616611, 5.8120325010133085, 14.257982120051086, 79.93869731800767
5503, 15.25845877151549, 6.678510661730716, 41.439278890902855, 48.03638204412221
5507, 14.24804932044092, 6.672562025735018, 34.350007015574576, 55.496702679949486
5508, 14.145887940161833, 6.557021961152934, 32.97008499341915, 56.571932094496624
5521, 13.160649762926658, 6.60831175713548, 28.58468509725469, 61.52715177516932
5522, 14.660737165456707, 7.130164099541853, 38.24708649631135, 53.219555222923134
553, 18.229990428256087, 7.1610022549465, 61.00348913280512, 32.00007269026678
558, 14.612757016967418, 7.275251582934331, 38.392654726819316, 53.32124234867377
559, 15.300674448033512, 7.064756170794004, 41.37272455983288, 49.75231274246494
5605, 17.71323273190822, 7.240675296970131, 56.33649677168208, 35.57592923204961
5641, 17.48547598233966, 6.529758982943248, 55.545739969200284, 34.58163716021823
5643, 13.264075673610371, 6.457204039253465, 27.5966438067507, 61.701339667701106
5645, 13.367429367004142, 6.5436737088534676, 28.977974475092633, 61.653458213256485
5659, 14.02269143400106, 6.946603631116078, 34.9267365494546, 55.423481184130274
5660, 15.419246209265177, 7.304189028373877, 44.471229779381204, 46.75555703336714
5715, 15.002546690230783, 7.2325820615057905, 42.469771031643944, 48.74067404167739
5724, 15.146346674858416, 6.516748893973816, 39.61005643919959, 48.676244227809136
5725, 16.64681079147998, 7.009085824578465, 51.487214626094, 39.411966237892045
5733, 14.123549609830183, 6.689742978094207, 33.220914519351815, 55.668102701516496
5750, 17.34741725823255, 6.614207454166848, 53.41318098972293, 36.81671287007398
5774, 16.580041178292827, 6.77965254939267, 47.728335671811315, 41.87991358767065
5793, 15.117397406237417, 6.8946158863346145, 39.19756797142023, 50.911151950260205
5794, 14.965692382296382, 6.841559228817636, 41.179915337895494, 47.800625763381134
5853, 14.924781538649112, 7.088550278805522, 41.86767475931352, 48.9064462118041
5857, 16.352483978919352, 6.743859620221525, 47.982750484978766, 41.854978241493214
5863, 17.878164696722003, 6.394781932055285, 58.072197352128775, 31.884518102253125
5864, 17.824393234610103, 6.400210799964051, 57.45444535030229, 32.19265831630438
5865, 18.31035625626781, 6.451731219366155, 60.915560479832955, 30.14083906845929
5866, 17.87091169768335, 6.381778227009867, 57.7605262879565, 31.87765074194333
5877, 16.743892459009178, 6.611499007901175, 50.124984150560614, 38.79852192656728
5878, 17.97927018056151, 6.51742901626081, 58.176015333984296, 31.763769845575208
5879, 16.728798336208417, 6.586995908428065, 49.93500413610043, 39.00479060423427
5880, 17.98151796075685, 6.490756832074158, 58.34131184854671, 31.74846902830717
5890, 15.088905383027464, 6.701294896332711, 39.497927717052846, 49.655335323297614
5899, 14.661499092751685, 6.273213183187124, 34.63036458204945, 52.669657603470796
5907, 15.198745749443551, 6.710840224741123, 40.2766803223885, 48.928410790046314
5918, 16.299114126651574, 7.209373677842935, 48.60225600784698, 42.87546685781115
5919, 18.345931205518507, 6.517105580657091, 60.898168282165635, 30.98441012788855
592, 11.471261177099624, 6.961746600116703, 23.37124821343497, 70.62390821025886
5920, 18.174936550987194, 6.713067416566716, 60.60639572389641, 31.40724357202101
5921, 17.740949362292753, 6.797525595535228, 57.89531944726307, 33.82838588270022
5922, 18.22273037745915, 6.688638516463195, 60.75827985542524, 31.23847458877333
5926, 18.601981747532015, 6.311382981282185, 63.046973699322386, 28.337353087554074
5927, 18.32238893256198, 6.607048436145887, 61.48516746411483, 30.23732057416268
5928, 18.969586193337364, 6.27610741228124, 65.22992895882668, 26.623252616301272
5929, 18.607142118549223, 6.47416411318141, 63.46752199131871, 28.488841086313528
593, 13.554480813030954, 7.278039281969214, 33.70223851794674, 58.876881512929366
5930, 19.006515300885606, 6.2702083850025625, 65.47003637756079, 26.46946199502202
5931, 18.318720070130293, 6.595324869129559, 61.4712978210087, 30.272278175621338
5934, 16.51536400847978, 6.835377246820714, 48.891575210120024, 41.73274065049163
5935, 17.646299274088157, 6.636264972044795, 56.59342890793161, 34.232221906347725
594, 13.919117037570675, 7.250826042399335, 35.330511234125694, 57.05402254178003
5942, 14.835563037551005, 7.116403085437914, 39.695877561096026, 51.6860034559368
5946, 14.748401089932338, 7.192023046379274, 39.76024472121249, 51.86321832230896
5950, 15.960784028927387, 6.644286274685412, 45.225710661645415, 44.32404794446466
5951, 15.924263420526385, 6.686927017466632, 45.216005352170875, 44.38956720221171
5954, 16.601368931085364, 6.792018187288135, 49.17341820987654, 41.37731481481482
5958, 16.5623076969624, 6.853160860077988, 49.19554216402055, 41.45517054892417
596, 13.56306071824346, 7.458591054479924, 33.87467975161753, 59.20882365712797
5964, 17.530147785188355, 6.8555748518153194, 56.63808601853132, 34.718572811506014
5965, 17.580620483658702, 6.771200790071556, 57.509278207485, 34.230515764281506
597, 15.433274715261179, 6.964533534578161, 42.0886802678596, 49.04696728916161
5970, 17.003041038238287, 6.860230553987685, 53.25008880024045, 38.03655837591191
5971, 17.785785963521295, 6.701360808465407, 57.967648942985264, 33.45077941490497
5972, 18.045420368796897, 6.525370762800564, 59.284188034188034, 31.947115384615383
5975, 17.620543476846017, 6.819176079305187, 57.283133655308596, 34.38375536996025
5984, 14.378642024523137, 7.444569228980733, 37.29044834307992, 54.76803118908382
5985, 14.646252127981896, 8.148710080108348, 41.294360562653246, 52.777132533230095
5986, 14.801219289137904, 7.914370344185991, 41.49134383976399, 51.94860647465259
5987, 20.258399761016634, 6.043079405461443, 73.14900662251655, 19.97682119205298
5988, 16.043620002995585, 7.188444679934198, 45.74325036912044, 45.285804682556424
5989, 14.444517666133642, 7.708972093248675, 39.41727584274787, 53.344278957038426
5990, 14.845668388300233, 7.8668781019202125, 42.14823136005016, 51.2304718114844
5991, 19.595476550830117, 6.536725085317937, 68.01723318655559, 25.09424398897583
5992, 15.018248086833783, 6.728491603363934, 38.43468887548603, 51.154285420970915
5993, 14.177794702134836, 7.027232796076227, 35.87398117540185, 55.30924323096722
5994, 13.938629222372667, 7.137117136625983, 34.966808854337565, 56.53348141043438
5995, 17.120963774505338, 6.871783820396667, 53.025204748904834, 37.17224303218843
5996, 14.01667183048547, 6.92173575753908, 35.97414698943278, 55.26675786593708
5997, 13.93951871672338, 7.13388850403559, 34.49066751028156, 56.062163872192336
5998, 15.68351585805207, 6.369191847797795, 42.01623632266298, 46.686215416361215
5999, 16.779926381569624, 6.102135288944242, 50.71669096492021, 36.96215923312132
6000, 16.828597552408112, 6.066075086208497, 50.80960015665732, 36.48646994749532
6001, 13.405522607960137, 6.895283303241311, 31.58942616649254, 58.678467937471666
6002, 16.796117463096174, 6.142781254809785, 50.98834391817788, 36.763843191266865
6003, 16.74017322163678, 6.147636997474931, 50.67461482493203, 37.08785948609285
6004, 16.42660052704644, 6.302962408309665, 49.03015524867971, 39.14668365784024
6005, 17.043709023556698, 6.243343749599008, 52.71501740537904, 35.804084166648195
6006, 18.38402760529967, 5.91109044044044, 61.58163464161828, 27.887126320302453
6007, 16.86242010454775, 6.1442775727026335, 51.437920602580725, 36.40056800642094
6008, 16.632890458206933, 6.242936500376975, 50.16970335608298, 37.74643745481725
6009, 16.960063558646684, 6.084904288988378, 51.9810150063326, 35.66978392416237
6010, 16.75640385629009, 6.156117508975654, 50.819839607702924, 37.00260509781887
6011, 16.44948083525768, 6.3024399509605225, 49.13577792412739, 38.99250717596332
6021, 13.853299352746173, 6.898555219149413, 33.70263152166815, 56.77252247349978
6022, 16.1724190330425, 6.703007105126332, 46.092120438762244, 43.91057888149984
6023, 14.488360620466175, 6.509606932994531, 35.82134292565947, 51.88848920863309
6024, 16.424244001146004, 6.197511383526615, 47.293411676459556, 39.94499312414052
603, 11.778871026440546, 6.431732724856471, 23.254274545068505, 68.23035707594889
6030, 17.880390474274105, 6.561625727297783, 58.52646391545332, 32.665632807788406
6032, 17.886500272941593, 6.649714935387231, 57.56402790623323, 33.31278046106944
6033, 16.654565570993984, 6.764694098608529, 48.64264826489276, 41.070141575472405
6034, 16.9129979386977, 6.7677413941233935, 50.975633984702064, 39.14740233016873
6035, 15.614717665321251, 6.911870224407556, 43.71670159415304, 46.30133558537425
6036, 14.880180250995753, 7.161981083772391, 40.20141896739563, 51.167857996970746
6037, 17.84377858849334, 6.655617658412702, 57.41615386362088, 33.44194918140739
6038, 18.327482877283174, 6.292860740615356, 61.48912312177618, 29.449054347013533
6054, 14.477567292185036, 6.930062475958578, 36.96200426793781, 54.04899814316991
6055, 15.592221066810783, 6.913847021231336, 42.82358758808258, 47.74659688740539
6058, 16.13249137544547, 6.599300498863247, 46.33029432579826, 42.70221889180301
6059, 15.802939980963385, 6.736730190458097, 44.0243290694758, 45.522949586155
6061, 14.79823507052987, 7.043719303828612, 37.74763209936509, 53.6654754883253
6064, 13.411613140583617, 7.153677424371317, 32.17907494434826, 60.558372495671534
6069, 13.781693555234112, 7.691753138300945, 37.173129555862666, 57.06853101373872
607, 11.7006258303324, 6.64509243181402, 23.575110088070456, 68.4872898318655
6070, 17.200770196162246, 6.841905031212954, 52.95239641248326, 37.97126739986202
6078, 14.879985051869863, 6.449264050779333, 36.180474998473656, 51.6881372489163
6079, 14.599099048200914, 6.681973209310883, 35.77360268567054, 52.865304199305015
6084, 14.102699579636752, 7.052026992652426, 34.6259483338135, 56.17209257658696
6085, 14.148304276552896, 7.033462578953296, 34.77612518398017, 55.92222480440003
6086, 14.16147802383514, 7.030746515981593, 34.80566724104921, 55.93145701704002
6087, 14.937603759712799, 7.2500820046920795, 39.7715269355659, 51.30733017748392
6089, 12.637925597208739, 6.479893224880564, 26.496454720060076, 64.56452987133017
6093, 12.468202103546124, 7.031470852595984, 27.348810547434795, 64.60017196904558
6094, 12.319252015913138, 6.926480251408709, 26.62993572084481, 65.60921717171718
613, 17.097861793013898, 6.90328597693583, 53.33069921269061, 37.80841162525243
6134, 11.910583352819607, 6.746195968249529, 24.270404807655108, 67.86815057451994
6138, 12.537686773137173, 6.603642005063839, 26.111488695964404, 65.00173119093112
614, 14.356733553476976, 6.817246700609368, 36.240777474919014, 53.83243189245501
6151, 14.936727202157856, 6.663608419381497, 39.51142400834392, 50.08800234672924
6156, 15.58083765994759, 6.711911831985604, 43.30678938002193, 46.17569340835146
6159, 16.347271648739003, 6.990542355485487, 48.130467893827664, 42.34634173523785
616, 15.291024892483984, 6.594986385174241, 40.84405767174306, 48.36277148862421
6160, 15.716535301275457, 7.21280193601614, 45.06950695069507, 46.581324799146586
617, 12.010493655174812, 6.83197404034903, 24.377529072946665, 68.26583062957967
618, 12.223481225399022, 6.560189674553819, 23.849923808739344, 67.62626470628612
619, 14.6670717795175, 7.105147518410093, 38.87509460518104, 52.304383041440396
621, 16.881206417040698, 6.494627146876195, 49.221450968831235, 39.082893361562995
6212, 16.608528588569836, 6.485178577203556, 48.580038128036406, 40.429247893733475
6217, 16.12405963095813, 6.6234846156028, 45.036041939711666, 44.35001638269987
6218, 15.754698618694858, 6.748594568360299, 42.922599293437536, 46.708061235413766
6219, 15.823004913846578, 6.786601406091145, 43.18587496505301, 46.878427493064365
622, 15.37058274191725, 7.189697807685599, 42.00339967609385, 49.68211690067324
6220, 16.96277776375212, 7.2708774446712745, 51.468405666741624, 40.65437373510232
6222, 16.63428497317662, 6.6273581855774495, 49.09589619158139, 40.746914231459016
6223, 16.422735015143196, 6.685864520091408, 47.43366588834642, 42.528125663341115
6224, 16.612731829494315, 6.634825757517321, 48.996094162356165, 40.990182624300644
6225, 15.709136000411329, 7.420500094424543, 43.66893282046695, 48.62018069594776
6227, 16.094450310704303, 6.73979224222478, 44.61335786876333, 45.79900464221488
6228, 16.072709964184487, 6.709499231213526, 44.45114721361263, 45.840700601169054
6229, 14.405215136417294, 6.978052867884722, 34.99812350241058, 56.341118392563295
6231, 16.1663257646625, 6.75179821986618, 46.34196934182414, 43.76361260345579
6232, 15.963063825020832, 6.718487579821295, 44.75533276003104, 44.923128552551546
6233, 16.6364603353277, 6.693926094470493, 49.25301904801427, 40.691787359422335
6234, 15.77394026566222, 7.382884251548053, 44.33574984714822, 47.6067778845314
6235, 13.50989325104827, 6.640609197443647, 31.15943114894127, 59.8372570469497
6238, 12.178072485933917, 6.631660681449591, 24.851536750618443, 67.22797642205404
6239, 14.946075110158544, 6.235460724682814, 36.76952049833406, 50.777198319571205
624, 16.31932048482792, 6.590664611280302, 47.33623378755541, 41.72412849559459
6241, 10.539746231630696, 6.342045551143481, 18.549145314963837, 75.54690218316689
6244, 12.738406575503678, 6.405076824949016, 25.84443891806492, 64.9321961994763
6245, 10.041666661176343, 6.107981537886539, 16.385554751549783, 79.26237029190382
6246, 13.229761927356435, 6.329396558839766, 27.925012274180133, 61.73461719587587
6248, 11.63495685126722, 7.159837952175323, 24.88659525564855, 68.92406435665033
6250, 16.015190360675582, 6.458621748088839, 44.51909041346441, 42.95562863825821
6255, 10.544145238788493, 7.609185425509008, 23.80280365039044, 70.73572302192116
6256, 11.526376714379602, 7.092012594175476, 23.525613618714388, 69.78369558578447
6257, 10.162796349667117, 6.922769074273514, 19.18001595777328, 76.49121884069407
626, 17.2825129544842, 6.696713133970997, 51.67618951307074, 37.66327889299018
6262, 14.703911752209269, 7.1048446932003415, 37.91940834194356, 53.30768394148676
6265, 17.770412001007166, 6.871367257014778, 58.34716229671424, 33.32780174798097
6268, 12.81221556966266, 6.692427139591361, 27.07341791638337, 64.59827327423639
6269, 14.67870876549747, 6.634306653846451, 37.31649727954009, 51.09787952411913
627, 15.241989851789517, 6.868538651333947, 40.97766250264662, 48.59331992377726
6273, 16.659671251974398, 6.740948543454324, 49.44198524480215, 40.59423205902079
6274, 12.490301069748401, 6.674385206898523, 26.90336637309356, 65.50311473900635
6275, 15.952584094516075, 7.022742554331253, 46.17669512110486, 44.561038239988896
6280, 18.855833039279457, 6.437059137677942, 63.73878710785852, 27.817884459716186
6281, 16.144836037918203, 7.2874272142051995, 47.79748910225161, 44.037500971436245
6282, 15.269794385636137, 7.269788406539538, 42.58213370702224, 48.44013192350701
629, 13.258210287257954, 6.6849111490523185, 29.130584719135566, 61.86872557284083
6290, 15.015179287270076, 6.046320367716962, 37.33535844471446, 48.03402187120292
6296, 14.630334825963727, 7.346995637369809, 38.822941396976134, 53.11601899287767
6297, 11.10055755052461, 6.801495378453997, 21.996399744497996, 71.62088922439656
6298, 16.5007345783837, 6.826636903956505, 49.10025411353471, 41.29747381250791
6299, 10.765916916597112, 6.782133366699985, 20.663906836383333, 72.98912833210818
630, 13.796699150048616, 6.60556852674398, 31.932906084342115, 57.797294089722286
6300, 15.816025159034956, 6.753009961019025, 44.765929778933675, 44.743869589448266
6305, 11.833885272964855, 6.721379738159673, 24.035846961050897, 68.66263260694726
6307, 11.066103769549693, 6.842996883258457, 22.145184511631435, 71.60150034098659
6308, 11.515360860193859, 6.005467415806447, 18.600291412608698, 72.70094941114236
632, 12.82390200992774, 6.994716060277951, 28.416406399388105, 63.17642934540124
6320, 14.841143907440927, 6.867999750107391, 38.70349852584928, 51.3793168203414
6323, 15.100259286938611, 7.412710821264583, 42.24015356178018, 49.97511730413764
6326, 14.725769469131736, 6.5458965901611466, 36.05321415145566, 52.811077231527506
633, 16.712235918187382, 6.614861537262764, 48.496210288663114, 40.38999086168897
6331, 13.529816681368214, 6.004197549444219, 25.294163852014766, 63.115230539627674
6332, 16.203021898537763, 6.4881383899516205, 44.022767431314605, 44.451220465669024
6333, 13.766494603627491, 6.018732007334902, 27.2525353397958, 58.239639112243665
6334, 17.02679217272167, 6.17482993412765, 52.034424214038985, 35.00380539781043
6335, 14.339506468262323, 6.606786713835171, 34.38832404066907, 54.41011104343344
6336, 16.6428663073232, 6.029960416406032, 45.270111403459666, 39.66411017186363
6337, 17.211362679403507, 6.740564642784903, 53.76812038370774, 37.406907965306935
6339, 16.419857862284946, 6.986390807311592, 48.62355480646974, 42.77625003696147
6341, 13.553591822679502, 6.978492184143132, 33.485637011842805, 57.16510265131336
6342, 13.827907065147325, 7.3314661012155025, 35.87763618139792, 55.93409290813509
6344, 13.348297649349563, 6.980575049721087, 30.82968532729052, 60.92496266158521
6345, 13.57875992847744, 6.796455496905066, 32.31765580210214, 58.70918549546854
6346, 14.922047221114669, 7.119977292442044, 39.612435621647194, 51.48661555077522
6347, 16.270712660441383, 6.843395716596706, 46.31524983063881, 43.98264276690408
6348, 16.208161543992716, 6.313952443926581, 48.7781036168133, 40.39487618116651
635, 15.691979565961917, 7.417748000253709, 45.47381895275811, 46.8498739949598
6353, 17.023749869689475, 6.786191110576778, 53.309531972242254, 37.30981569707645
6354, 17.66193733318404, 6.776957551950936, 56.93803397819895, 34.64457569338253
6356, 20.64729036352988, 5.415710697444227, 75.45231556217111, 16.56848151952871
6362, 12.028299509104839, 7.443549893704599, 27.544078694033768, 67.28083174832845
6366, 16.89705616883958, 7.346854765622395, 53.39396289376902, 38.9051429377137
6367, 18.08996624995731, 6.598045954146843, 59.00267656916882, 32.039256347809314
6368, 13.849414846421233, 7.183003450950469, 34.52866550798662, 56.814339256789516
6369, 15.849713949564391, 7.2238100305143504, 45.72282905820791, 44.35828489182947
637, 14.623833945274082, 6.71133799440018, 36.54853245646085, 53.47839618939363
6370, 15.024436139497434, 7.22476708316738, 41.355021085314426, 49.52615969229343
6386, 15.376645352789678, 6.708617931309783, 41.61889673051995, 45.532190695664696
6387, 15.288530639060463, 6.655134700058205, 40.09414890544677, 45.66655114653728
6388, 16.28610703010098, 6.381224495049927, 45.14335659325701, 41.015317161238556
639, 16.306715235165257, 6.797963725511039, 47.53611901820721, 41.13137117997744
6395, 15.280739101871628, 6.660315740274359, 40.14066238146023, 45.904072867725475
6396, 15.310954354130804, 6.69275238900179, 40.467765599378616, 45.75242369321941
6398, 11.740826873705661, 5.570122942735023, 16.08178255903064, 74.02073482843882
6399, 11.869035916805048, 5.806036789154361, 18.61546657451802, 72.42307747685484
6400, 11.570811054713808, 5.694288151396473, 17.039287102486217, 74.26111742942287
6408, 15.289274382832241, 6.980928352422291, 45.18569363106626, 45.35218261212449
6409, 15.144419428312847, 7.012076661246992, 44.2835608893527, 46.28373481752037
6422, 14.515926059524055, 6.928251367182816, 35.80371889818317, 54.95497895465928
6423, 13.302052002745727, 6.832381983439624, 30.0452757366585, 60.39486380167743
6424, 13.540281721176076, 7.13592433115642, 33.18631692236267, 58.45274020300927
6445, 17.93451259316451, 6.488388020308112, 58.90982409789335, 31.96655774177849
6452, 16.939521541595685, 7.077539119245449, 53.65239294710328, 37.76095586004985
649, 12.132807484433982, 6.970371310443974, 25.488723417952404, 67.6273041351044
650, 8.901175990963734, 5.734336798894177, 11.846264228509376, 83.7295662122593
652, 9.10224966762783, 5.6851338151489905, 12.003428551437018, 83.36015533437123
6562, 9.15753913713931, 6.812486897911131, 17.77825357741855, 78.52121471648289
6576, 12.87549363251116, 6.289931608183772, 26.221796686370823, 63.64998751144783
6577, 12.159939063618184, 6.341062781672596, 23.541971948921915, 67.72032656478962
6598, 11.72875679634126, 6.913966014804126, 23.879854601109624, 69.29213698105988
6599, 12.434267219720267, 6.7412939069341835, 26.1051224199883, 64.82827776385058
6613, 15.6391501132012, 7.3222500791909155, 45.77411212627538, 45.113583845853036
6614, 15.602180275568534, 7.158553823821073, 44.757051300149634, 45.95273723142946
6624, 15.417739880762872, 7.2073080074841025, 43.75057756420737, 47.73274948996637
6625, 16.38322984916646, 7.567389950708873, 50.0761475005288, 42.538955087076076
6638, 13.213048280638098, 6.5623014862669, 29.36905203312322, 61.47262390310221
6644, 14.518878303740992, 6.71420118596388, 36.69661707664359, 51.519615063583245
6647, 13.602723514724326, 7.269694822103252, 34.769518144839196, 56.37742248657417
6648, 13.630643799801158, 6.746125010466659, 32.81859776611493, 57.67056923698022
6649, 12.687369612267645, 6.907773547337637, 28.757088846880908, 63.25783148798272
6650, 14.053984145351917, 6.984156476105953, 35.73582889543802, 54.631783947744864
6653, 14.949299217641672, 6.9391326268249545, 40.18366120105304, 51.277958582948116
6668, 10.149983229574769, 6.463394646009185, 17.154832718419797, 77.67487387997892
6669, 9.734652077932637, 6.26206267834894, 15.444406894221022, 79.60647365851827
6673, 13.428062119805181, 6.4120491875783285, 29.571148028236294, 60.349769120535
6676, 17.398682207654314, 6.8056504909824245, 54.17534536529346, 36.72862788367354
6677, 17.12061681272661, 7.033853945056618, 52.78463185172666, 38.71105853191369
6680, 12.210715194841486, 6.638086729381666, 24.75464417057761, 66.75564517883956
6681, 15.328423745441219, 6.850266077117635, 41.40100951947409, 47.65427305225669
6682, 13.017224373495687, 6.87461037500093, 29.14720282261528, 61.88940792473026
6683, 13.738018897560185, 6.725853735887273, 32.07802332426456, 58.88819944950917
6690, 12.114732153637252, 7.141573148276083, 26.48046879246801, 66.98013720224829
6691, 16.136873538116912, 7.121593056876412, 46.85687998801806, 44.05824079423155
6692, 17.291871442841817, 7.033868161143401, 54.564887068943314, 36.69164799505524
6706, 8.69123234920203, 5.337608310699567, 10.01582673885881, 86.14244064972928
6708, 12.932408852608612, 7.414024089335412, 31.457464290228792, 62.28289723170269
6709, 12.415264704887706, 7.004247757837859, 26.753189292825013, 66.09640390335029
6710, 13.856670249312627, 7.323775648815105, 35.44171976891225, 57.1297513079269
6711, 12.152782200009907, 7.035209740803692, 25.89605956415267, 67.77401241744379
6718, 16.173492073346367, 7.209133416599794, 45.952786048490005, 44.9808592088473
6721, 16.166122105265277, 7.169053676792931, 45.765518933507806, 45.053978899157606
6724, 15.447816270360573, 7.406093810668691, 42.75647084183124, 49.26793679218691
674, 12.741237383673662, 7.0904791193394034, 28.499091756157707, 62.85235625747065
6740, 16.940871440250845, 6.696979105316853, 51.71180959118702, 38.38622467027136
6741, 16.351453817289865, 6.640826897048183, 47.54668786571619, 41.691319249866424
6742, 16.26175820517943, 6.633368145042078, 46.854494323507964, 42.300281220706175
6744, 17.237020717995154, 6.622428938237971, 53.98040207185907, 36.31083352694374
6745, 16.592841383364625, 6.54868011108978, 48.768088654580666, 40.27650761202862
6746, 16.558477472326075, 6.531592650086883, 48.72477237727285, 40.3169156782752
6749, 12.779432156473284, 6.66487177974806, 27.904085631808506, 63.300954508101725
675, 11.781374943212649, 6.440488614867672, 22.175387324603307, 68.52132861237565
6755, 13.355614322008858, 7.591147800304747, 34.556288723300916, 57.70793598142466
6759, 11.955973662258277, 6.064864380019936, 20.594406061658937, 71.28329168392779
676, 11.764343005886806, 6.039549926994759, 19.24230391927874, 70.30223758583641
677, 10.991199430629862, 6.254027827346241, 18.713055227157575, 73.87453320572726
6775, 12.09943131273158, 6.736115944609725, 25.075623239803903, 67.4489760439484
6784, 17.19743248813076, 6.6439199048078486, 52.65087053279225, 37.400183270061525
6787, 17.85080278195705, 6.549335819873646, 57.38538254232092, 33.36453273516549
6789, 16.436906810283215, 6.977760813250716, 48.811103738111036, 42.05006267050063
679, 15.217994154807549, 7.282308538813846, 43.353815488524496, 48.27885366850456
6793, 16.365396562048176, 6.589471062586931, 49.248967558809554, 40.8639614068001
6796, 16.514045423525427, 6.643443163176838, 48.43420235878336, 41.03817504655494
68, 12.689886558089468, 6.748939019324019, 27.00053615709403, 64.7091347764895
680, 13.700227453568619, 7.424498951844417, 35.41663703724773, 57.274614936071565
6801, 16.45753634979817, 6.373096224154483, 47.42510714840888, 40.7208367569008
681, 15.647492755733703, 6.787133654642607, 43.13011367750344, 46.89522844109767
6810, 16.476744872353926, 7.076887350243858, 48.12149726700339, 43.33529371064831
6814, 14.6573190663599, 7.269329010603935, 39.66308404543879, 51.94460873289417
6815, 15.581663635929997, 7.354363574313958, 44.79135394776343, 46.82527769438607
682, 11.957495520620835, 6.736990587417259, 24.08903327772412, 68.95981502619487
6825, 14.441986857221606, 7.205583850990691, 37.17171147282011, 54.67855228638325
6826, 14.663243859123597, 7.290845964610274, 38.59322559720225, 53.41681473333897
6828, 14.86623067775436, 7.394717826346273, 40.24729520865533, 51.96852606435296
6830, 17.366078835099486, 6.45940993225033, 54.47948591201186, 35.523479980227386
6836, 16.713820080525423, 6.76020394585631, 49.04692387904067, 40.746611053180395
6837, 15.619749069903074, 7.051973478131625, 43.437918500095655, 46.67113066768701
684, 15.784222027895447, 7.014579093585987, 43.896258054791424, 46.33436334174926
6846, 14.432890834461748, 6.970084523740738, 37.11224457062201, 53.73239662528471
6847, 16.821713083043498, 6.8137928692716985, 51.08320890457445, 39.38373829238496
6848, 16.31726875521756, 6.695249492017873, 47.15872746498179, 42.71634270198295
686, 12.095732610718317, 6.6491298926891185, 24.438292789291065, 67.23042794031208
688, 16.213947850730616, 6.581116423398735, 47.505096242310536, 42.076019699457
69, 14.4597118643754, 6.698371472823992, 35.412727363999934, 53.49475410384699
6902, 16.505226171175273, 7.378481213071877, 51.34345054666723, 41.41690235974503
6903, 9.485239961144206, 6.105378952069351, 13.737625849537077, 81.44594161593335
6904, 14.762508152790325, 6.9053368617459165, 37.96541543652467, 51.95444959932518
6906, 14.701997492681818, 6.510773718072953, 35.525501823844365, 53.37357878794343
6907, 15.224080645509522, 6.560415090379558, 39.02782219379597, 49.50005329922183
693, 17.743344547721993, 6.074279138057091, 57.98413941648718, 30.73722341883689
694, 16.100339287311712, 7.265821760754735, 48.95065758791158, 43.15828747318347
695, 18.689615701989688, 6.7692077783497355, 63.82180834329579, 28.772415528849177
696, 17.75875409569117, 6.687219564279608, 56.74967692361427, 33.821149569813606
6965, 15.069068659964948, 6.451915670366173, 39.255302148254685, 47.06983539940187
6969, 15.300327958247317, 7.298811293972643, 42.496353550550694, 48.361681845849944
697, 17.01846360164678, 6.748187824360238, 50.973711183135265, 38.71990913875731
7016, 12.041738660242999, 6.755811839060222, 24.718487394957982, 66.74369747899159
7018, 13.429483860102756, 6.483616918064779, 29.446411102034233, 60.52565227476728
7019, 13.721523033892806, 7.03708194454295, 33.246115234687885, 58.51310941421477
7020, 13.462310823490869, 7.087281301292966, 32.260515603799185, 60.17503392130258
7021, 14.970811228136698, 7.392244582166613, 41.19292589256081, 51.3204684462567
7023, 12.820624003671371, 6.830467810357377, 28.20267686424474, 62.67133543735171
7024, 13.954073737650013, 6.603445352128901, 33.61006599642262, 56.28199592919262
7025, 14.189872465974139, 6.810013789685406, 36.176814133450144, 54.70993332359956
7026, 12.607439201695515, 6.753046339464073, 27.331816242355284, 64.32655383302517
705, 17.334380883118264, 6.919241752007451, 54.60153914647332, 36.498123767728806
706, 17.555395632905885, 6.792232088424078, 55.48537001144245, 35.329145552623594
707, 16.773595613334084, 6.844452332720449, 49.44683551288418, 40.28444518015781
7075, 12.461564740176577, 7.370487536462013, 29.679003021148038, 63.748111782477345
7077, 12.369087506368249, 7.094397790804618, 27.171208226221076, 65.67197943444731
7078, 9.290804507599008, 5.798302210897829, 12.804298450116566, 82.55305524148766
7092, 11.851834032366376, 7.085532120001408, 24.56078491491645, 67.2696611988349
7093, 12.39523357366681, 5.818360387111808, 19.628093981655987, 70.63952757884157
7102, 13.652365975910012, 6.836458106676162, 32.70785334736113, 58.19494200215743
711, 17.529145793033965, 6.826383216653294, 55.97538824068467, 35.34176635192852
712, 17.60827930475817, 6.629691987782713, 55.76207048525098, 34.475159951976416
714, 16.26891611831752, 6.69507560608723, 46.042404352707486, 44.131617583556434
7173, 13.932686438758935, 6.761891526109916, 34.41943070152327, 55.268011358646326
7174, 14.953794120405357, 6.9860954156583155, 40.17188472350379, 50.296130984313635
718, 17.099554201201823, 6.904617018524824, 53.54883940682487, 37.60078033316569
7185, 14.25398527590168, 6.802793713298308, 35.418766944963735, 54.10838904168583
7186, 14.082302645760974, 6.739172495531346, 33.84941594475592, 56.30999340967917
7188, 13.433121636727991, 7.284170705431773, 31.922585398989145, 60.75273150120313
7189, 13.922942247721354, 7.776908258979438, 37.40461025772485, 55.17717350580719
7190, 12.957987017687662, 7.585786436263914, 31.769118732666946, 61.21186728117954
7191, 12.958642113622394, 7.5914159632628, 31.808916426163997, 61.226260873075134
7192, 13.0676343438141, 7.683838925427992, 32.95994709213409, 60.10209564750134
721, 14.06313022266865, 6.90974612706612, 34.945666347909246, 56.319221072763625
7222, 11.037558999235195, 6.553687426831601, 20.24116749054958, 73.032676650189
7239, 10.907376281936381, 6.452145159768222, 19.951497283610124, 73.63378071541507
724, 15.154304127792214, 6.957005079851844, 41.02189436968254, 48.921778888077114
7243, 11.7874360801988, 6.49159074021153, 21.973648213355926, 70.25495750708215
7260, 11.721096800847166, 6.550155676685364, 22.348411596139307, 70.042720767919
7284, 15.829973262934953, 7.092273887689233, 45.74239102009616, 44.770775079962185
7291, 13.793105967579336, 7.8355087348342245, 38.006615598885794, 55.04352367688023
7293, 15.02408986809553, 7.534598431877335, 42.039615448367314, 50.78526437924747
7294, 13.516698660832965, 7.088524975058401, 33.34398307792308, 57.90633366017032
7299, 13.620146260006047, 6.8103903713405, 33.687273409909544, 56.6847743192031
73, 14.721468537864519, 6.78545877386888, 38.11317755523764, 52.26037195994277
730, 13.468591644671953, 6.683661425898243, 30.47776606673515, 59.76812135604979
7304, 13.648213443853777, 6.812214698704188, 33.684678987187596, 56.382779378352424
7310, 14.356195873622168, 7.409735655052302, 38.36333517393705, 53.581446714522365
732, 16.610725613362227, 6.155181519809136, 46.99184575663577, 39.485855452569794
7329, 19.298683327082045, 6.125801838487851, 65.71138440708563, 25.061491594268308
7332, 12.883558631354198, 7.194347926471586, 31.044215452828638, 61.779497495689306
7334, 16.85202118372053, 6.8906278072556475, 51.51802170796641, 39.68231619905795
7336, 15.03328980313498, 6.833035593050962, 39.947299940262354, 49.30156054369441
7338, 16.045645764506872, 6.9031386952068825, 46.393422340198185, 44.094390767881045
7343, 15.52078456561718, 6.9963071771295136, 43.77155920233503, 46.627069173147184
7344, 13.489398252927122, 6.4950418959331495, 30.032225274131108, 58.98955382053334
7348, 15.02258159528707, 6.689076567084848, 39.78550990542341, 48.487429832033726
7350, 14.388518774670306, 6.247520857814757, 34.17629127130651, 52.64909192391911
7358, 13.44202105533633, 7.373639472975912, 33.279603937597145, 58.08723351179168
736, 12.530058951947675, 6.345001446930022, 24.68198451619327, 66.19451843369595
7360, 13.968819558187224, 7.026143308762822, 34.24068426570094, 56.82240541313256
7362, 13.646261997846326, 6.6727044696553826, 30.211866097434463, 59.32117729987099
7365, 14.650059502070961, 7.389902440290034, 39.20291205934008, 53.019495491606236
739, 11.864998251172862, 6.283891025222731, 21.485957885367625, 69.74913920314806
7399, 17.183131027405153, 6.694672205218815, 53.23516062332947, 37.133743506984715
740, 16.759961275390694, 7.9540105947057365, 54.516710718079196, 38.737247733616584
7410, 17.917723171957263, 6.709337153990821, 57.470822111068365, 33.45645761190201
7411, 17.64616662099341, 6.770701144314201, 56.38686131386861, 34.29295130188474
7412, 16.355398465068408, 6.630130713900096, 47.706914123263424, 41.11730944590463
7413, 17.512900558048077, 6.664795458600005, 55.081384567837645, 35.28124034202122
7421, 13.61208115496451, 7.399023931885366, 33.859821053569384, 59.15541357498314
7427, 14.323507099120606, 7.042040185109384, 36.75952781018226, 53.87801406295151
7430, 13.542788757053547, 7.459620066481517, 33.94076741586986, 58.75864067221326
7444, 12.118072431702961, 7.245554707637024, 25.19874263767152, 68.14431773073993
7457, 16.406724251842192, 6.953308628504558, 48.15880893300248, 41.62779156327544
7458, 16.87203689999793, 6.66108230834155, 50.254671055101554, 38.93651369717296
7459, 10.40444396096536, 6.223838074741763, 17.61130723771838, 75.14450867052022
7464, 12.041797249627741, 6.912723186303533, 25.847948911423156, 67.4844028930563
7470, 14.843979391752956, 6.728992723707229, 38.21482602118003, 51.692721465792566
7473, 15.680877275115071, 7.187443896574568, 44.71670954653126, 46.62986932030692
7474, 14.380592142772747, 7.4026385572992, 38.73242786803359, 52.966152089626796
7481, 11.199959859255612, 6.448028743161463, 20.460125864025585, 72.48117197977922
7484, 12.872960379537185, 6.995980266831543, 30.174800969193495, 61.7601246105919
7485, 16.373153523798646, 7.5086962690449255, 49.45557237684872, 42.93893870579558
7498, 16.129122451481845, 7.058494155124802, 47.891582749562176, 43.184927758318736
7499, 16.477710851611434, 6.913625388398612, 49.0534810559431, 41.65914375598413
75, 14.263632105525094, 6.784862079709509, 34.96079778952831, 56.201523205744984
7501, 16.393366841164035, 6.980413825656388, 48.73126576643419, 41.68274224662413
7512, 14.997730781441557, 6.99814996656647, 40.57653424301641, 49.79272328841397
7515, 14.849635854607532, 7.1822516478853515, 40.864011514156566, 50.65666674162862
7517, 15.245037642869825, 6.963870733840077, 41.66941979288896, 48.57995648161861
7520, 15.14179771092999, 7.051552562123149, 41.59298039304372, 49.25710667360185
7523, 17.66936188928142, 6.366700624090731, 55.84849932676019, 33.757546801025065
7525, 14.231225178870625, 6.472497856775553, 33.806956380736175, 53.68290903194421
7528, 16.55993252623546, 6.7926586797931625, 49.012173218918385, 41.18140091798044
7549, 13.981105455345798, 7.054513058892209, 34.93300503209304, 56.57220037531525
7550, 14.112166546747343, 6.952602723949192, 34.60134755755194, 55.77305905773059
7552, 15.420208685147664, 6.636071860713249, 40.67890063903184, 49.14748628626364
7553, 14.883991135577942, 7.6273697229023645, 41.88760927540392, 50.861646276563945
7554, 14.519238675025186, 7.196969340412312, 37.74762585520269, 53.12723373838456
7555, 15.544328699017365, 6.639685339018473, 41.328824127037144, 48.56025496499798
7561, 13.335113897650894, 7.031158942223991, 30.99379891771373, 60.20159323687205
7562, 15.756504692944711, 7.116365951279224, 45.63554384720604, 45.797659455899485
7564, 16.689560752357284, 6.689022067312404, 49.51755628510007, 40.50360791241022
7587, 13.036001899877899, 6.779708266319677, 28.509234828496044, 62.79155672823219
7589, 16.138521969376665, 7.709625054360413, 50.06488450558007, 42.069116971790216
7592, 11.996585045827015, 6.614517145442238, 24.16819956756059, 67.39923193597315
7599, 15.447479364609483, 7.410923140652912, 45.52787522048477, 44.02758784707771
76, 14.025892956168798, 6.743839041710717, 34.493706137907985, 56.56817422301437
7602, 15.611453671112434, 6.585092859724723, 41.311107549286746, 47.22872255169098
7603, 15.359023268830926, 7.175154527757959, 43.062191549185, 44.47787019013351
7604, 14.430144731203884, 7.090206876395162, 37.3921572552395, 52.471125167644175
7607, 15.13323510552519, 6.605519465128281, 38.863030847751425, 50.627547908708635
7608, 15.398296355405328, 7.384086146727832, 44.55904393784018, 44.750335252820065
7609, 15.091443670012206, 7.278983517306181, 42.427285795868535, 47.5335263188988
7612, 15.200901900746455, 6.875155905771115, 40.3744861253854, 49.06539054470709
7618, 16.168143840134594, 7.095421601853109, 48.12761373716893, 42.60708401976936
7619, 17.671149227567895, 6.530625948115777, 56.24045451768587, 34.46911845561733
7624, 14.196461644811498, 6.388574187878135, 33.49588675609576, 53.6144667605425
7625, 17.448848038740906, 6.861632175317332, 56.049131198606375, 35.23037630836913
7628, 15.843082057706464, 6.817292478373504, 45.1921046545535, 44.2851253381062
7633, 16.69459236940709, 6.672537098861701, 49.94823871743935, 40.42416272628074
7636, 13.96427430634845, 6.373855476905156, 31.444502430851212, 55.206416348504405
7637, 17.579084001784278, 6.646496650157726, 55.91571007790349, 35.00013763867096
7644, 16.244326886951306, 6.789261872008925, 45.07818317200298, 44.48001985604368
7660, 15.548969294485177, 6.514898527634398, 41.28979256520846, 46.794002875333746
7661, 18.1883344319645, 6.179860896528179, 59.15495829849712, 30.644996839250393
7672, 15.954612228959887, 6.9359994055422325, 45.996443283884474, 44.447696013326436
7681, 16.369301119074574, 7.127588625228316, 49.06640625, 42.34375
7684, 15.990333586570555, 6.802672652381441, 46.064778898370825, 43.159425911559346
7693, 15.261079496474647, 6.7348170957584506, 42.39764779257808, 47.491869737604134
7696, 12.492522898588357, 6.485816560536072, 26.379822601982173, 64.4184684782373
770, 15.614439697972797, 7.048897474028458, 43.86339381003202, 47.1221860961505
7707, 16.8247343759505, 6.939603012443643, 51.50889423532309, 39.62718093469983
7713, 12.569159775514205, 7.213049346588186, 28.804307532621586, 62.53428973902728
7714, 13.5279860036913, 7.231560834847707, 32.79445932284554, 58.29327988932834
7718, 16.136606485238982, 7.664517540102057, 49.578467392730616, 43.596640860779424
7719, 15.721651412656163, 7.565109673079327, 46.62532282739221, 45.987070454508064
7721, 16.426103372989733, 7.0291361689970815, 49.053871403745894, 40.79616399562335
7723, 19.645611521704154, 6.400259549275399, 69.36192155427659, 24.052696363817823
7724, 16.44553030658925, 6.686348444362597, 49.439649619992274, 40.248615226072396
7726, 19.26775669176965, 6.296719599291728, 66.29493931760935, 25.850698419967944
773, 15.19339520764147, 7.202404226377621, 41.6058656077315, 49.33497595866325
7731, 15.313089160664987, 6.887522580283592, 42.81740075565447, 47.711039801252525
7732, 15.916105170151338, 6.790558321593603, 45.699540658789125, 43.924366905611386
7737, 17.766620741836004, 6.855047131891179, 57.66518451386332, 33.97858902829307
7740, 15.92631670212889, 7.101438743110903, 46.17181448489543, 44.799331913245545
7743, 15.977815172042362, 7.088061137180371, 46.47363527692921, 44.261582487110445
7747, 12.58242629039882, 6.5515635010531765, 25.663284839203676, 65.78483920367535
7748, 12.327291456604435, 6.923631602808659, 27.134264374002626, 64.94716863544943
7752, 13.74868206672359, 6.850295793041661, 32.31653739762434, 57.9823181645604
7753, 14.585287671056747, 6.7688187313237025, 36.322807213912945, 53.49852391812293
7754, 13.687104964778289, 7.073834949025044, 32.86161199801286, 59.09048188079862
7756, 14.804962236291365, 6.88120709162925, 39.45180279617366, 51.18285504047093
7757, 16.90676636758585, 6.874291066055271, 51.52678856170937, 39.620761135324756
7760, 16.347837064545708, 6.716004064692681, 47.263301931477294, 42.381979895794956
7763, 16.45121596483531, 7.096286505923612, 48.427395347882324, 42.1667453653329
7764, 14.76451226347981, 7.092630700380631, 38.44987328098384, 51.513357430720006
7766, 15.126124694589034, 6.912476053891374, 40.1616810069398, 48.254647585930186
7767, 16.88658186665849, 6.601175195952547, 50.2973096594453, 38.951030534880175
7776, 14.66745444842621, 7.108971183681851, 38.48164687942489, 52.31674109574121
7787, 12.682462021766824, 6.619573817734621, 27.105348957634106, 63.51239907174776
7792, 14.621888079758905, 6.485202607175094, 35.04528985507246, 51.461956521739125
78, 15.502974273320222, 6.942427424396209, 42.4469236222529, 47.744487146002015
7801, 15.443597264545717, 6.864539015461363, 41.296018919984235, 47.83287347260544
7812, 16.383097637556872, 6.995346503726584, 48.82628382450664, 42.11315272991392
7820, 10.947680346270836, 6.547300760947162, 20.857191450762517, 72.36351267078632
7824, 14.336909372718189, 7.141680162844622, 36.308584743088765, 55.169777432586585
7827, 13.855802572603288, 7.140356464727073, 33.686249774734186, 58.05460443323122
7828, 16.247569380304267, 6.631798345017746, 46.65004985044865, 42.86322849632919
7829, 15.10299662876595, 6.43484195453244, 37.375842780270965, 49.53740136546356
7832, 12.643491121367605, 6.888750444824452, 27.627573858549688, 64.80112546361427
7836, 11.320808331770126, 6.837529140088828, 23.686704175303525, 70.26453459678216
7837, 11.339310260033784, 7.146566960444434, 24.861367837338264, 69.86176112006922
7838, 14.90058567594784, 6.744185786390072, 37.59698107663915, 51.093992452691595
7840, 11.665825006108385, 6.3068005546340435, 22.136893103803732, 69.70028863003814
7841, 13.84222733274182, 7.0485950473787895, 34.99865863473404, 55.745921030168525
7848, 12.216326901497037, 6.668764503664968, 25.265615416575987, 65.45713550837901
7851, 13.497060070435236, 6.623788862264753, 30.927474916063424, 58.435383391231774
7859, 16.7148873420519, 6.84550469281142, 49.643432965397494, 40.04092769440655
7869, 13.970235260359317, 6.340831846046683, 31.69924275462871, 55.423621298021644
7872, 13.981076470732164, 6.395524184381949, 31.973955463025327, 55.20380462515053
7875, 14.555129138142117, 7.127790009762733, 38.09243033526339, 52.71642354273046
7876, 14.96387017947249, 7.103590835700893, 40.99556119213697, 50.07482561826252
7878, 15.509907266039031, 6.660008797237194, 41.18905403528268, 48.69426309209612
7879, 14.633761136271342, 7.197677035668539, 38.78335240619165, 53.148226224176355
7880, 14.581391311448739, 7.2468909982394, 38.78114047551387, 52.808563038742065
7882, 15.493614920939091, 6.6890121487144025, 41.096804694235104, 48.80280319252482
7883, 13.649780842799725, 7.221775467051317, 34.56639860899804, 57.524451206259506
7884, 14.782986703427342, 6.761045215446878, 38.616757772463274, 51.4658780321148
7885, 15.464955547410344, 6.595805823705794, 40.72156208016487, 49.06804753022813
7886, 15.780090890389811, 7.101653692846817, 45.763276732599024, 45.616636949892516
7887, 15.684312067841006, 7.0516688634807245, 44.81933757109401, 46.3298762127802
7889, 11.679307164439411, 6.990477237632595, 23.06481117002802, 70.55595433811101
7899, 13.8756139413295, 7.131889939465361, 35.43266918334329, 56.68061041554316
79, 14.38531400482628, 7.146358226352628, 37.37573348476245, 53.7338633352262
7914, 16.399332847807493, 7.125503707812485, 49.5187914096413, 41.97509709846927
7916, 16.072825491129898, 6.291639174561267, 46.66456096020215, 41.77195198989261
7917, 14.116766524554594, 5.8541069267203225, 30.633968171145316, 56.30576571875815
7918, 13.737684752000069, 6.358426782531192, 29.89145658263305, 58.05847338935575
7922, 13.02678206691259, 6.789745390682024, 28.8052766502884, 62.94417147333191
7931, 15.267101504021552, 7.261267189329832, 42.37837004292066, 49.29065254825362
7932, 15.655164640288987, 7.092316155555972, 43.90250190123871, 47.26414972738171
7933, 15.835809927148498, 6.907184662600098, 47.3137940306534, 43.30061844581877
7934, 15.300932067719293, 7.253618000036218, 42.50852254454235, 49.09886151669132
7935, 15.654237633029753, 7.1114396332378975, 43.96319886765747, 47.200669111497135
7937, 16.391358245516198, 7.160523062968646, 50.350322846544856, 40.869624948481935
7938, 16.085830847213117, 7.1925416556762904, 47.23617373437589, 43.82598025226871
7939, 16.11099297149636, 7.1862314760571175, 47.31410840355272, 43.75427009792758
7941, 16.439730225122563, 7.0410854597679755, 49.71475394629026, 40.92391892518668
7942, 16.459034177940914, 7.134076111030327, 49.37932323798841, 41.77229388670779
7943, 16.417306094520292, 7.1840734957889305, 49.3249813014211, 41.80534779356769
7944, 16.633971528003716, 6.704783232164154, 51.28486755523891, 39.13774848853663
7945, 16.104206344597713, 7.18509990480435, 47.2735030578865, 43.81453562793344
7946, 16.095935643722775, 7.177185629725999, 47.20271286482499, 43.88541267611629
7948, 13.809770141355019, 6.66771803973146, 30.949998483883682, 56.852340378220475
7949, 16.769441052151763, 6.73423322917516, 52.08252412680391, 38.517732827392514
7950, 16.00669217621619, 6.412976014566922, 44.082175092751534, 45.20294589955147
7951, 12.190857233294143, 6.18103259442133, 22.35418112644919, 68.42754684969537
7952, 18.19166631741937, 6.521436256478172, 58.08791162722452, 32.17557171903494
7953, 19.13938507345753, 6.109460799702097, 67.69616343683151, 24.36616331025404
7954, 19.54004312495872, 5.930401424514607, 68.11589461746489, 23.183285352874467
7956, 19.279663798114797, 6.137817108228359, 65.67579927659752, 25.66935517399077
7957, 19.22446068139305, 6.230395387936691, 65.65081931654605, 25.76656872991146
7959, 19.465314533764246, 5.998498816080758, 70.24100815193276, 22.31702524183222
7960, 16.095539230971642, 7.16922651354261, 47.21804297839725, 43.83569421182615
7961, 18.15855831325159, 7.215357691596833, 60.29292782606892, 31.352820363877765
7962, 16.075690772927185, 7.210813576805709, 47.27513077098021, 43.80685694791904
7963, 20.180964913353172, 5.661370581363053, 75.239384493101, 18.265254163613555
7964, 19.301837245520467, 6.128217938598755, 66.16409397311635, 24.988033983486897
7966, 16.672522768879038, 6.882054914431106, 52.06344020552726, 38.644767519565185
7967, 19.244767337372462, 6.118984212327316, 65.37549913518824, 25.789541115927484
7968, 20.099506249705655, 5.680867393700326, 74.71691906731948, 18.654875317873003
7969, 18.22516194979599, 6.596003918895387, 58.59540787078477, 31.74965554002273
7971, 16.420547795007455, 8.005085340812728, 53.30469577497941, 39.23149346828293
7972, 11.521077272750377, 7.4220397278297705, 26.03997358797237, 68.53794189353921
7974, 16.260830560451538, 7.47888380562374, 49.85759563001154, 40.577212379686564
7975, 17.037911311706335, 7.304058539096985, 55.960038641879315, 34.46784948516765
7985, 16.34326918230244, 8.017087596847057, 52.53554250327949, 39.98014583357954
7986, 17.55140217883231, 7.749653135489211, 60.78925027079247, 31.978395152082907
7987, 17.852089360774162, 7.492729836663296, 61.422276679469356, 30.752373995617237
7992, 17.737402266761805, 7.510522540193209, 60.68322694051253, 31.454112313812566
7993, 15.176477471577616, 7.029951859868926, 41.761976534562756, 46.20829269734315
7994, 17.840767522311328, 7.500530754578232, 61.31506528485274, 30.769951402306926
8003, 12.845110032443264, 6.623130215820703, 27.451042059797874, 63.670482660292706
8009, 12.999381539158508, 7.070854281230505, 29.845404645207335, 62.0942265509388
8016, 11.144236656153575, 5.8769803323088325, 17.754289547136334, 74.93238418763659
8020, 11.03381426008332, 5.8573595161380325, 17.290251275883367, 75.55504989760426
8023, 11.119021016639959, 5.929653564655294, 17.185839383279696, 75.18299528478407
8025, 10.71280181841162, 5.394723196688093, 13.810900082576383, 79.12338650093442
8026, 11.278219970205164, 5.894340041081425, 18.161397945363856, 74.29722855349652
803, 16.02323647337844, 6.714359534062567, 45.55034007088802, 44.36440272056711
8039, 10.138618111663286, 6.112590529710353, 15.949926547216956, 76.4335848724935
8043, 8.301197043867766, 5.205669086726516, 8.70521961094974, 86.85100657638286
8046, 10.675313765097876, 6.36382165459563, 19.575993196452433, 73.50990159154416
8053, 11.954933040567848, 6.919851609784261, 26.559794980847613, 66.03007129322918
8066, 14.027882924612035, 6.860948416814647, 34.13192630217479, 55.617703238627115
8068, 13.89471980484753, 7.5925418435109675, 37.03668222671219, 55.57810213892566
807, 11.477023709329126, 6.788506928605982, 23.0975512580833, 71.21578963498727
8074, 12.699639487086543, 6.765522032317828, 26.45679441622213, 65.9952676973701
8075, 13.91498896771015, 7.356999936233564, 34.47808404880253, 58.06320720787185
8079, 13.69941851566886, 7.516417434057798, 34.55924666492284, 58.09678263144128
8081, 14.894118080158558, 7.359468838733438, 40.60761660248182, 51.3050919982884
8085, 13.663351527669858, 7.0793339860791065, 32.81931570338059, 59.44912077426391
8087, 14.416167356204728, 7.4654606489963165, 37.379140094630735, 55.26897757663032
8091, 12.766669478904454, 7.566551853411747, 31.331525750289398, 62.10368482795591
8093, 13.706295877903255, 7.02246573321168, 33.096849979906644, 59.38668892392346
8103, 9.614466186229171, 6.07326801209916, 14.914338895515735, 79.22898451939336
8106, 16.019823505507823, 6.940083806853175, 46.433670618908685, 43.76228609266042
811, 10.230111795270227, 6.328737694990123, 17.45770571253347, 77.725756510553
8134, 15.683624484776315, 7.254596825451219, 44.334432564935845, 47.33828919106668
8157, 16.055227477535052, 6.84935517803361, 44.41884044612407, 45.22690263311519
8167, 13.198454183666868, 6.472141376484399, 28.1579484087221, 62.507204866499364
8179, 17.716314161779962, 6.547651896798276, 57.01467235634535, 33.39568597650085
8185, 15.29192998446011, 6.751482713443219, 40.46681254558716, 46.44784828592268
8192, 13.620152916713149, 7.605967086718588, 35.677682617257005, 57.44347702308368
8196, 14.395550029843536, 7.489497879261251, 39.96425575372944, 52.52762884341832
8199, 15.495258539004453, 6.9456697706380135, 42.447944191945886, 48.110664834584085
8202, 14.039983627545867, 7.0627906765333925, 35.84849148110175, 54.08895595977283
8224, 12.023233204828651, 6.078079391277442, 20.787661607644743, 67.73819561551433
8228, 14.251301602016447, 7.43312284321928, 37.59326234856724, 54.48544475075242
8229, 16.92989063064021, 7.04185176763675, 53.20472726075649, 38.410639628666424
8232, 16.10092238719872, 6.819094167113579, 45.40999115963832, 44.097895373544056
8233, 16.433246701288304, 7.257378275241101, 49.755402334270634, 42.19791225299488
8237, 15.825002227331115, 6.976751986551666, 44.909278407982384, 45.5419604782742
8238, 13.845115527857692, 7.052809454237044, 34.33130682500355, 56.728407862997855
8241, 15.988743822345478, 6.808021080668088, 45.50436996319178, 44.286617697134794
8243, 13.914583884356103, 6.778037016524179, 34.20253916592404, 56.08896121508001
8253, 13.570750062485367, 6.640693158536886, 31.72468966941082, 58.50473560608016
8259, 13.448401152412481, 6.5709166152743865, 30.948480397695178, 59.53564568975257
8260, 14.633450801585216, 7.035907975955575, 39.15329580460981, 51.918079011007755
8261, 16.04875524275077, 7.218560456129021, 47.60506121383349, 43.99004167948754
8262, 16.205952720908243, 7.0638388069601366, 47.883552953634975, 43.58771991168566
8264, 13.92567340640445, 6.829411628667652, 33.66726204343662, 57.339960135642364
8271, 15.962406330064894, 7.488240937997759, 46.05204887071144, 46.167973532706384
8272, 15.249200535434552, 7.067173755584412, 40.64570284754956, 49.52024278427068
8278, 12.920370089109918, 6.357385176131459, 26.69817969718327, 63.52589496196563
8280, 16.576165132563688, 7.047287871084221, 49.35615796604161, 40.96152141708556
8298, 14.191005441164679, 7.268056286511473, 35.88811385894455, 55.67674205594307
8308, 13.139416677182766, 6.884214927254447, 30.958307847683532, 60.906672735807454
8309, 17.824984628257447, 5.444570719251726, 56.04829969270787, 28.398383209863947
831, 15.578223253533329, 6.609802027994764, 41.79780356893158, 46.4563456636083
8313, 12.890071134018536, 7.362916864762768, 29.768366810916273, 63.968031618180454
8314, 16.880405927484855, 6.699522125570413, 51.7232469837561, 38.52479273854726
8315, 17.371876169651085, 6.913293161918694, 54.745565049675925, 36.70748390858732
8319, 10.91381148742889, 6.857716563034491, 21.824128039756637, 71.30615899000603
832, 15.201645253597837, 6.573757405822784, 39.496891257454635, 48.49532631222772
8323, 14.427259543473433, 7.3326728899680615, 38.58589157413455, 53.19439908556499
8326, 12.04615535859483, 6.712018694158936, 24.366268359878063, 68.39737215330193
8333, 16.728759685865306, 7.136667278720439, 51.715742720842236, 39.94012173054779
8337, 16.736794726020303, 6.775246151890518, 49.59153177231105, 40.33335747059095
8341, 15.831624847522285, 7.2784205590380555, 47.16337024472465, 44.39074868249803
8344, 15.313560549683702, 7.457588081774589, 42.394272805942975, 48.750828847256095
8346, 12.898735853900225, 6.924177727493951, 28.893336046853445, 62.64839563123261
8348, 14.453816561693706, 6.073391368775378, 31.51755960010254, 55.23525436368297
8349, 14.015586562002445, 6.894405248558921, 34.43383553433774, 55.74534482402298
8352, 16.154635262425973, 6.812466682337689, 46.333122700070625, 43.14202877002565
8355, 17.119817456744826, 7.325447291906325, 54.48812647454413, 37.99087160717042
8356, 16.79223403723573, 7.414627218364043, 52.454149207218215, 39.97810111389526
8361, 16.243435137141482, 6.8081974838399475, 47.150814738931395, 42.56970899894356
8364, 16.729087868057995, 6.79643883686702, 50.15890991451742, 39.77314239789581
8367, 16.36281944711964, 7.24456106988868, 48.32262494482319, 43.63382215900731
8368, 16.763780631198497, 6.828506636114637, 50.62044748143403, 39.62559612783828
8371, 16.7002461656136, 7.305838149225804, 50.835096138667005, 41.4485523947842
8372, 15.603359909935625, 6.817043604675494, 42.77524066103756, 46.74737983375497
8375, 17.466882329169973, 7.263041000233804, 56.80580384983163, 35.98095871616846
8376, 16.858238905590394, 6.8658006559218805, 51.06953726614712, 39.4537844275374
8379, 16.740210966080287, 7.217449121517248, 51.38671017129949, 40.666373847022655
8380, 16.87360558285541, 6.790369570282732, 51.628831742008785, 38.696497629399815
8383, 15.958251566498184, 7.579798347581883, 46.810138982428214, 46.09685911957387
8393, 11.258555904518856, 6.6157452027547095, 21.662445730824892, 71.10769416304872
8397, 13.48256782572308, 7.397661732209229, 34.58548754474131, 57.55088759535775
8400, 14.53951279668083, 6.979880675906113, 36.886857700809614, 53.37880904270468
8408, 17.213549245737205, 6.605788555714608, 54.933258657705586, 35.73073213230032
8410, 12.620163312186177, 6.813177179393377, 26.90213001638474, 65.76858283525257
8412, 17.016050534719923, 6.744667245531751, 52.537161301282595, 37.49766414677652
8413, 10.154332303200748, 6.115996500789126, 16.052823504896853, 78.28193373619504
8414, 10.269653052560892, 6.118529055600808, 16.36249908013835, 78.32438001324601
8416, 17.830595668829574, 6.346528288317788, 55.589120064443854, 33.19991441050234
8420, 17.07727940493123, 6.850349841917717, 52.43417492176287, 38.19383985505541
8424, 14.586686164434168, 7.621913398341008, 40.86707044947402, 52.471788332802035
8428, 17.059041628709014, 6.712683042168783, 51.86083633941253, 37.24312162994432
8432, 18.31623816467414, 6.300185188238282, 59.6058494947593, 29.603966610180127
8436, 17.657451758352178, 6.5096764989764, 55.32072162365323, 33.86118767226259
8440, 15.577213914736955, 7.292783407282407, 43.94609178076986, 47.96260877275203
8443, 17.410388214300333, 6.882361557525405, 54.89944751381215, 36.29171270718232
8447, 17.2274280779317, 6.811908900761051, 53.49361382419233, 37.49723781323198
8460, 13.340006070212016, 6.623968210717753, 29.301549154908297, 61.2387483001029
8463, 17.419079952210936, 6.858203776058577, 55.31898146326105, 36.138769727261995
8472, 15.04884301389805, 6.98680974103138, 40.36957825531, 50.67612678367338
8476, 15.34352957461666, 7.268840722214918, 45.41881301726033, 46.06210785869486
8487, 16.520166963574923, 6.888348978386142, 50.413282029357276, 39.9472709134958
8489, 13.494551389499213, 6.283044101699026, 28.91580329782577, 60.052531737924994
8490, 13.519814630454412, 6.52654030122772, 30.292461029652458, 59.65031097265021
8495, 12.021483590077247, 6.124533372954376, 21.73690521451759, 69.57271956248356
8500, 16.320155344082078, 7.201676831527282, 48.87505865500976, 42.24889481613198
8504, 13.520163800984852, 7.32872294443911, 34.386718374411075, 57.759366686965166
8505, 14.801056366564918, 7.013856347701677, 39.19472981066016, 51.71142949279034
8514, 14.225768169866061, 7.021237629718546, 37.09026128266033, 54.04790182106096
8515, 15.437597740237177, 7.373261787973757, 44.295315358307484, 47.58013202895093
8517, 16.359101319654528, 6.990160327189846, 47.196470100990794, 42.84622001338048
8518, 16.524433013179657, 7.128498035814317, 49.540304124903315, 41.889338085783315
8520, 15.459592465104901, 7.415886815178166, 43.40083297429269, 48.596869165589546
8521, 14.44382467445585, 7.531836120278818, 38.26927781055298, 54.31457472984446
8523, 14.97723854622885, 8.162824778132219, 44.65454342922387, 49.0183519451948
8529, 15.245684578851602, 7.094043240926622, 42.2272030199363, 48.69175415831072
8530, 18.465692553674767, 6.567301741768208, 61.382329901521935, 30.137925246195163
8534, 16.083728654793322, 7.100629175100143, 47.29570840681952, 43.98393102096806
8535, 15.455749474288698, 7.290146662438651, 44.21492444062634, 47.45206763247296
8537, 15.29542338618521, 7.368220947670995, 42.15018413441022, 49.64042422039229
8547, 15.051528251157247, 7.084841970852871, 40.96028316631424, 50.18617265790199
8549, 15.365875865960051, 6.911751701073563, 44.6040213377103, 47.0119744842765
8555, 11.75147732902785, 6.455820147802347, 22.1440650710158, 69.14106674136555
8556, 13.299172980840527, 6.844497242517065, 30.21623198066828, 59.489834180484955
8562, 16.041613680004385, 6.953766704742414, 48.25372981461882, 41.99071387115496
8568, 15.034637040421122, 7.039155896815168, 39.96405818563253, 50.055532417048454
8569, 15.104081557694713, 6.6802980708603545, 39.127376855642915, 50.640945132417336
8572, 14.216834487202929, 6.866680796083845, 34.769986124452984, 55.92699327569645
8575, 14.117394731141465, 7.1056798961247924, 35.389370353637, 56.270793116195016
8576, 13.998310717512588, 7.10862674442472, 34.66362365326096, 57.310428489184964
8580, 15.224597281566075, 7.280353594725315, 42.98078015429581, 48.37287120328008
8582, 12.230955702500166, 6.590504273470048, 24.801115817749768, 67.82932121086888
8591, 13.663302916967849, 7.139760931913837, 33.2422080580083, 58.25390328050991
860, 14.104744096119084, 6.988489159437109, 35.939003271117954, 54.2524533384645
8629, 14.564347813175452, 6.809461297808615, 35.96227344260189, 53.72180410881179
8630, 15.654724850425522, 7.468241667065551, 46.056330265116024, 46.25365154605082
8631, 15.781961066705978, 6.901021736074105, 45.58179584379036, 45.46313700370678
8632, 17.229604156035442, 6.751030415842218, 54.25926759042648, 37.004003958970664
8633, 12.89591324825764, 7.075932337940964, 29.70655886247996, 62.28479821565484
8634, 12.660423213261028, 6.995445073766412, 27.98471030600162, 63.541558468537715
8635, 13.48588030176238, 7.13351510918406, 31.715257939842047, 59.35767097966729
8638, 13.392730057684345, 6.98869329288361, 32.04871609249244, 59.53583443341992
8640, 13.482970730705242, 6.947133223810112, 32.16939015815735, 59.234881021965826
8653, 13.175428400679513, 7.157571968797165, 30.988744588744588, 61.04935064935065
8654, 12.845542964077344, 7.088364221082835, 29.217197281160256, 62.105654608185446
8655, 13.729492238191375, 7.146316499592763, 33.13154587348136, 57.804775869292
8658, 13.496293342848766, 6.952089686300228, 32.22573839662447, 59.25339896858885
8659, 13.400299514017563, 7.006516644798965, 32.21728502910518, 59.35439433520088
8672, 12.659409259316508, 6.9198472503863675, 28.002092050209203, 63.940027894002796
8673, 12.719032923523867, 7.095461445222478, 28.300006229365227, 63.240515791440856
8674, 13.67492757175508, 7.115490070267479, 32.75132826336077, 58.2123137826857
8677, 13.355305906735365, 7.006221260592024, 32.0543878804422, 59.50593694554388
8678, 13.43879459591409, 6.977285438286607, 32.13687753516872, 59.2085958401657
8691, 11.230853813523934, 6.05703912592978, 18.429581335405494, 74.61099634213369
8692, 11.217841301879522, 6.0187222901576405, 18.2398080621513, 75.06712112268409
8697, 17.526839669944913, 6.703972348106761, 55.2844565517786, 35.65741508415913
87, 14.504857729653768, 7.162346611654642, 38.87812944363302, 52.51545821295981
8707, 13.745868837519742, 7.115158903327985, 35.340550522011746, 56.06274286989783
8710, 13.148431133950913, 6.938355086434062, 31.88777776680915, 59.88607982309796
8729, 13.14709012126908, 6.895455409613437, 30.02259586628564, 61.324516514919914
8730, 12.733841545676032, 6.832898567419169, 28.183987492800135, 63.65835596149098
8732, 12.132706650241284, 6.644340698452463, 24.39780868099452, 67.0425621576064
8734, 14.395032419275019, 7.09862878551907, 38.001860023349224, 52.41110473514454
8736, 13.15505707770717, 6.894845775891606, 30.80023246411967, 56.87790580149586
8750, 14.041098908962168, 7.6773898969670045, 37.435767586648595, 55.694901622008075
8751, 15.272692986749744, 7.063110284548859, 41.799465802346866, 48.09879655472525
8754, 17.226274725067945, 6.422100245402718, 52.15315813275715, 37.03582734535953
8756, 15.968283625850729, 7.40687056391243, 47.13415661635493, 45.22760646108664
8757, 14.673947462205751, 7.032069576203048, 37.84936957668153, 53.00349968838391
8762, 14.202410825983064, 6.864777929680118, 34.26181469444297, 56.72118919494912
8763, 13.888214189928458, 7.069861637680923, 33.91456339303577, 57.67444798938624
8766, 15.331403198033378, 7.13867218291321, 41.55575642344336, 49.92986940124054
8774, 14.497446496487639, 6.999216589293324, 36.818579570985975, 54.435588770900836
8782, 13.405384742902106, 6.652214031974122, 31.42512805061766, 58.58780993566454
8785, 13.49730427323402, 6.791469656264997, 32.072911645510864, 58.10793922839341
8786, 13.991614496020034, 6.008182822621705, 28.543508065692365, 59.57527493363671
8787, 12.980838760081866, 6.547481410489707, 27.896667069681214, 62.0763309555475
8790, 12.245165472044237, 6.7028949035514005, 24.75472771221385, 66.42178934230691
8791, 13.369576487594196, 6.461204899203257, 27.95846694151779, 63.61531022547972
8792, 11.294200531166593, 6.937160301991524, 23.765524589618085, 70.04128791662505
8796, 13.131505403219494, 6.306676933722134, 27.583141762452108, 62.66973180076628
88, 15.823570344881903, 7.043438671174323, 45.328690213915145, 45.25549001492431
8800, 12.680517995329554, 6.472216847683172, 25.66960104888556, 64.87972600540498
8821, 13.623200307313082, 6.912797046482167, 31.844252039437464, 58.95200440418398
8828, 13.907119348493351, 6.887590183615295, 34.172295385079806, 56.3815201942065
8847, 17.362759366648305, 6.686096451566228, 54.937318406241744, 35.79657435438974
8850, 16.677245054736854, 7.204848550071801, 51.11004850058064, 40.580445580787135
8851, 17.932716733090448, 6.62319107279754, 59.72345166508959, 31.73743170232899
8853, 17.72664717977804, 6.526163822144437, 57.82877154179338, 33.17512978834516
8857, 18.236326915727766, 6.479850912090167, 61.29319203104152, 30.03082680244774
8859, 18.247464476076054, 6.488291622078044, 61.35179027144072, 29.915706441883845
8860, 17.922977452977786, 6.799281652561515, 57.63407799486261, 33.85031524869619
8861, 17.959317161913354, 6.757814544847878, 57.6125748386216, 33.894338592351346
8863, 15.01153790336259, 7.152773528013173, 40.4263681964513, 50.68503406453545
8864, 14.59149963403931, 7.323552295872664, 38.64427720992924, 53.201168145568914
8866, 15.337905786104722, 6.547236017003907, 39.655293156440884, 49.34287826323776
8867, 14.642312282254982, 6.784269815623222, 36.96706723575827, 52.626273762462006
8877, 14.14184959971579, 6.571465733314577, 32.830836381711286, 55.90220337535047
8881, 14.613556246168342, 6.791770520774763, 36.847609013570676, 52.93349897001243
8911, 14.325468339862818, 6.945493635921671, 36.6809092067021, 53.55889811373189
8927, 14.514735145350937, 7.020355475579489, 38.70589637635092, 51.538660203432926
8953, 13.655113607037459, 6.762664061513302, 31.79019826457899, 59.43332202239565
8970, 7.997713248113407, 4.836318412903954, 7.434771548339287, 88.83567628548991
8971, 8.017523858686612, 4.8326276420719365, 7.408230626465587, 88.82764139096031
8974, 13.298286560926794, 6.9848077120486245, 29.931299990043474, 61.12243204672928
8975, 15.433630472070398, 6.827250085109557, 40.86650347070856, 47.1942590791724
8981, 17.27766862404387, 6.0902547144137955, 52.16183824441046, 33.656238376658266
8986, 13.146188476598136, 7.295371035962404, 31.59785641169741, 60.9517692631917
8995, 16.52257476273112, 6.65068026741735, 49.45837993289663, 41.00655056718326
8997, 12.883759471511638, 6.5905000669984215, 26.8742479347782, 64.08204102051025
9001, 12.761646080693463, 6.689778907101406, 26.948047839017907, 64.8193381003607
9004, 12.729125077792265, 6.709916071096376, 26.966718530606048, 64.92606226202675
9008, 12.766375204311206, 6.696660150862731, 27.003345748374468, 64.75348778486206
9025, 12.618185267900742, 7.15690208078375, 27.894821603736293, 64.8624511368461
9027, 12.768546893768393, 7.1426121716624955, 28.5865979527403, 64.3980688366298
9030, 12.708522575661185, 7.168251118430032, 28.425582180222747, 64.08341770727866
9035, 12.769250442231197, 7.138471787778717, 28.692661197101692, 64.26315937861231
9037, 14.302517569885588, 6.85800587951145, 36.307133454418214, 53.15681602319498
9040, 15.160546611380765, 6.687845349646043, 39.759111528234, 49.39465039887377
9044, 15.347259844842133, 6.734543564889906, 41.29666615455523, 47.8892473668937
9045, 15.291820531469211, 7.01268293896161, 41.86305566192084, 48.8442928255648
9046, 16.06496759421781, 6.978667036838986, 46.177652935932585, 44.67394412392983
9050, 14.538124258863613, 6.921919318971892, 37.381843502480635, 52.8784054312821
9051, 16.17144713586207, 6.727040146651761, 46.579419025396504, 43.11318521524466
9056, 13.426530200884256, 6.266777344162729, 28.86647950125924, 59.27810577597952
9068, 13.609003731941186, 5.786681737282952, 26.25099011605882, 62.30671212590833
9069, 14.91250352757875, 6.972071963284682, 39.73684210526316, 50.526315789473685
9074, 15.391970139213704, 6.5718368913989895, 40.16320947180981, 48.89798228752697
9075, 15.438081804604277, 6.592002300986534, 40.47223302802042, 48.78523181384164
9076, 15.530945730733574, 6.686715066200476, 41.4485738980121, 48.065687121866894
9077, 15.447650323020659, 6.609408869138844, 40.467746686303386, 48.670397643593525
9078, 15.41612278491438, 6.8394350114697, 41.165365638970606, 48.588172615876395
9080, 15.931095765484109, 6.908894508719229, 44.426876558027885, 45.65944972763364
9081, 15.665592122739866, 6.837703461435942, 42.56487314338554, 47.323585505403685
9082, 15.548422482688942, 6.79758449382979, 41.92128131644633, 47.664555791809185
9083, 15.574371654326065, 6.752030558747388, 41.009562445667925, 48.586496667632574
9084, 15.589806882336106, 6.695788671121696, 41.26486166996294, 48.131351019573074
9102, 12.92889974108758, 7.728123681777809, 32.371308341179414, 60.45129348167221
9104, 12.310954187303185, 7.837779465361196, 30.761779604025147, 62.43606591765845
9105, 12.997927150779796, 6.9996692562826315, 30.128399985409093, 60.89636807995817
9116, 17.328967448787616, 6.573656471892674, 52.97682799289342, 36.397313609616575
9117, 15.579579900406026, 7.017487836184129, 44.20740709495086, 46.68979626270722
9119, 15.679681504226087, 6.9067411312195635, 44.13384159254553, 45.67873782295637
9125, 14.212803764898307, 7.138757300924551, 35.78343668047352, 56.26210141908287
9126, 13.956136184317137, 6.855743527567219, 33.73272266295903, 57.07450723807966
9127, 14.91944856121974, 6.768032491021484, 37.89515167007498, 51.61788513974097
9128, 14.72418220434399, 6.892782097656977, 37.427844262738944, 52.300860995288886
9129, 16.30597908176352, 6.841173935936067, 47.61520335137022, 42.87070169314016
9130, 13.567931147241863, 7.7367271392787895, 36.53342957682938, 56.786207566682165
9132, 12.852537818430926, 6.959342974095783, 28.930997408440902, 61.74187574188817
9142, 15.559997792445488, 7.248577680827848, 43.08043389915283, 48.64640970333552
9149, 16.477947920026374, 7.107040676031215, 48.87810293110371, 42.26245305746475
9150, 17.13143518082959, 7.094064057202856, 53.090224468526216, 38.821960485470626
9175, 15.748370615291286, 6.765837964742396, 43.58687867067756, 46.24552356395932
9196, 16.640417018553652, 6.949037072850276, 49.99558472904954, 40.81623642304183
9200, 13.543620403542128, 6.671754075941887, 30.485737808126302, 60.55135841929391
9201, 13.586646535877723, 6.677610689437411, 30.710786054107793, 60.24639636441099
9204, 13.909275980733334, 6.715950763113665, 32.80836710427334, 58.30158460530467
9205, 13.65542988881736, 6.653825119139602, 30.949936875390843, 59.90230434320909
9208, 15.831643230278146, 7.606036619647724, 47.63299941645594, 44.45876288659794
9209, 15.843419690570226, 7.110197351871412, 45.57893471203559, 45.55368522303716
9210, 15.754293573408983, 6.937865087470653, 43.86106348431343, 46.057068889166445
9211, 13.824885260633005, 6.850690161799522, 32.961759082217974, 58.344168260038245
9212, 15.701412838067347, 7.674999269476828, 47.27815699658703, 45.049975621647974
9214, 14.077381844231386, 6.903968208144038, 34.38328482174308, 56.956932831531915
9220, 16.23606935415652, 7.239613149513357, 47.82332570428864, 43.944495704168816
9221, 15.828785130381075, 7.169687177112738, 45.49075391180654, 45.123186344238974
9222, 12.546566110906268, 7.534355479414501, 30.156076930822678, 63.39341456046722
9223, 12.601016669337513, 7.5717106978886655, 30.441529129637466, 63.2972613505834
9226, 15.021844337669549, 7.290653757854707, 41.271249766486086, 50.700541752288444
9227, 14.595341008968534, 7.453617795293575, 39.875808622059374, 52.19928987175538
9239, 16.838454604439193, 6.74729159552277, 50.57149018762131, 39.486737114513694
9243, 15.580130617392419, 6.796298637787786, 43.73856093849919, 46.550089307371714
9244, 12.72659440040203, 7.537589626891607, 31.15976863553895, 61.100686960162506
9250, 13.60408500821198, 6.726364296942809, 30.517957047464357, 60.22859892919449
9256, 15.44480442015173, 7.046127726708015, 41.97601534102293, 49.04261713271702
9259, 14.135118259181423, 6.749214364901548, 33.26684511247233, 56.96710763370567
9260, 15.118442538833417, 7.138133566277822, 41.50305307656176, 49.51933615155785
9261, 15.46796113906081, 6.921393618927976, 42.998558689833224, 47.368421052631575
9263, 15.701094810272675, 6.952122849221977, 44.26758409785933, 46.0565749235474
9264, 14.875717006400913, 6.888477296862295, 37.685852669520166, 51.381223248479394
9265, 15.258444396434511, 7.248119625656725, 42.21577491397341, 49.153228527089944
9268, 16.198471178457467, 7.060341994824246, 47.032302405498285, 43.051546391752574
9269, 14.630449265217047, 7.01479681410798, 36.649494371303184, 53.246517840106854
9270, 15.509334372802858, 6.604599734617606, 41.15428022069888, 49.090871091790675
9271, 16.46508009280069, 6.771949297400092, 48.88771030378031, 40.346896883624545
9278, 14.504325159563212, 6.3748420611326075, 35.126142834509174, 53.81038033905256
9282, 15.558967961642848, 6.773750194343787, 43.317895918653754, 46.02263303606741
9283, 14.045782117719302, 6.74967400334243, 33.2134489963908, 55.309314253150134
9284, 14.865030991220733, 7.020669083476426, 39.40257721029942, 50.89165822516431
9285, 14.35955676842261, 6.395930678624062, 32.85628954201358, 54.24524276815428
9286, 14.599171701217157, 7.279187713788249, 38.65557639511811, 52.65160781755416
9290, 12.408822941218428, 6.8996002688083085, 27.380750034766756, 64.89794026299117
9292, 12.164854418817415, 6.7745519963799, 25.96833168071393, 66.2772682201289
9293, 13.408213870887801, 7.127525562622508, 33.46771903923684, 58.11140764295043
9300, 14.848772234962473, 7.438004606065538, 40.48396448079094, 51.5516767874035
9309, 14.021707555375375, 6.825830937354278, 33.83104929433422, 57.084416912602634
9340, 10.82116102382477, 6.145015190394613, 18.15389865210715, 74.42757208667463
9350, 12.419958813790489, 7.481164086126475, 30.218908864549217, 62.88479494894103
9353, 15.20424431615466, 7.012137259331118, 40.694379991695776, 50.55809295850329
9360, 13.478802887667346, 6.490920499813724, 29.98134392418537, 60.63568003113161
9368, 14.274053114596398, 7.740010224405138, 38.903402280480684, 53.11491532716599
9373, 12.241293109031451, 6.950786416297405, 26.687953375906755, 66.07198214396429
9374, 16.290133784021698, 7.580039661315854, 50.12853052193154, 40.696993361967984
9376, 12.626083691366816, 6.709560143976824, 26.097881665449236, 65.29145361577794
9377, 13.008706080709837, 6.66461957517082, 27.265625, 64.38100961538461
9378, 12.959174947615187, 6.79243426937007, 28.270265228071267, 63.33136407450017
9382, 13.900696056219449, 6.489161075984278, 32.1246952281435, 57.47474747474748
9383, 10.76643659364617, 6.218293514584461, 18.09228863425209, 74.2954475069681
9384, 10.536317754790838, 6.338384310132942, 17.719606828763578, 75.58406621831351
9385, 12.32075823674231, 6.598670800890961, 25.27007208807552, 66.18676801685498
9389, 14.883674934716906, 6.905907211042755, 38.44760776062959, 51.72909703450205
9391, 14.337623690903538, 6.66038184801151, 36.116776841225764, 53.74142972992898
9394, 15.39428220911101, 6.646423497488532, 42.17691992578134, 46.76859683365864
9395, 15.215382643369137, 6.649899325948306, 40.399419292659424, 48.652539374641634
9396, 15.550780253468577, 6.7300717223438555, 43.23094425483504, 46.764471159560564
9404, 16.945318037716657, 6.963814438065912, 52.43539036679851, 38.446118004009314
9408, 12.642668030323184, 6.580129269861871, 26.91593017602515, 64.26083423799027
9417, 15.08508470592095, 7.325936633049818, 42.0056533887842, 49.21209955162779
9420, 12.5685197652888, 6.626058897266685, 26.744046106735485, 64.5153310244307
9421, 15.861235927860779, 7.651370760304283, 48.09733726056101, 42.75604404293593
9422, 15.406494826116463, 7.46082200077047, 44.2302412835921, 46.00555165787146
9424, 13.540808312447991, 7.150520537598779, 32.698223677681845, 59.00565644537065
9425, 12.058890558894637, 6.22803613591426, 22.045957490607794, 69.53707992383305
9442, 13.534964453435416, 6.8626649441692065, 31.484456203344983, 59.72597562127942
9464, 14.777449554153494, 7.11036055619842, 40.9065425585021, 50.04646376210554
9465, 13.999703593083991, 6.628048322940128, 34.286088288968116, 56.18122877669036
9467, 16.240856742116666, 6.715295654746452, 48.02376090588454, 41.56302209021719
9468, 12.554527359974779, 6.762187285668251, 26.918316128958992, 64.90988996014036
9472, 16.30059760671931, 6.799682714625476, 48.19858281861631, 40.70127191474733
9475, 15.342465691028124, 7.16581735547286, 43.14123618990743, 44.568527918781726
9478, 16.498873718486156, 7.0783405332910005, 49.7091977827106, 41.15874452808195
9481, 12.878497394860187, 6.756268105853504, 28.901483843035386, 62.4447330788103
9492, 14.29822149585803, 6.5971084932878155, 35.448979786150225, 52.283698477534344
9498, 12.822076684196524, 6.706931995333688, 27.935819030709542, 63.28335634904978
9508, 13.169310802779018, 6.617655128967786, 28.414325487218427, 63.125790939002776
9514, 12.91171153867671, 7.040408691920816, 29.453645184604266, 61.942765757869324
9517, 14.779943771837003, 6.4577395320064, 36.18566855454321, 52.898300911105636
9518, 12.759708951315055, 6.376903766204644, 24.42479654375565, 66.41464884959308
9519, 13.680141192311158, 7.2816548763824684, 34.499955630490724, 55.445913568195934
9520, 16.376644797428668, 6.5447018040355625, 47.46495033884327, 41.45899817132202
9522, 12.16271845560207, 6.74144779166111, 25.39178412462908, 65.36535608308606
9523, 14.452790184182026, 6.790100512234706, 36.66929828635118, 52.4659824455487
9525, 15.437144786533814, 7.030145992643014, 42.663531610999954, 48.10217165890205
9530, 17.17305099731961, 6.878987060401553, 52.82401009433395, 38.239800516733766
9531, 17.489124800661987, 6.789982848690931, 55.021689360163876, 35.98475719966261
9533, 14.649469285321617, 6.897243025883479, 37.96806252115319, 51.929171410110456
9534, 16.120483452413733, 6.97891825213053, 45.70741812546452, 44.6415864130177
9535, 15.009658168524014, 7.080321050403479, 40.971291991700156, 49.58960418144092
9537, 13.341729359369593, 7.017845113669436, 31.77746874320325, 60.22329578782946
9538, 14.97576490631271, 7.036728286713202, 40.8346665086607, 49.638232176598
9541, 13.763386889931393, 7.07889152383169, 33.82172252975915, 57.37207858265844
9542, 10.423910963686234, 6.024841098757656, 15.799347687738653, 77.08222846839202
9545, 17.04797915107031, 6.942202045266974, 52.89605426064489, 37.97975991817839
9548, 10.225845792535205, 6.938914059273269, 18.707157453633048, 76.67942781758452
9549, 14.080964747103135, 6.936400711456783, 33.92831745128716, 57.08380742426398
9562, 16.428224425219486, 7.057595850895028, 49.252380209146246, 42.037354976327975
9564, 16.309192234978518, 7.2199580249384105, 48.97473161126998, 42.80249402278374
9566, 16.172609781074023, 7.136420395842898, 47.72849108648401, 43.66794350712009
9573, 14.861714333964132, 7.497455298252181, 41.5551800215932, 50.007041261794114
9585, 14.792615390354706, 7.386270162936581, 40.457306227849436, 51.38930975876471
9586, 15.04972870433732, 7.055012595764027, 41.0235320996116, 49.53947583145664
9597, 15.766209831640918, 7.158024676847804, 46.01469204160708, 44.95740285773655
9600, 14.878104793703574, 7.345610522472961, 40.73466143718576, 51.258703802892335
9601, 14.864461251605057, 7.045117324894904, 39.47757516017742, 51.25158880444087
9612, 14.23105103294439, 7.4456926022418175, 38.28975845343391, 53.83753540386502
9615, 15.324668164157224, 7.09058614447379, 43.334127306609126, 47.421922069187765
9616, 16.2683492614624, 7.107401151250383, 48.02942794279428, 41.08773377337734
9618, 17.185018551057393, 6.8573440802006695, 53.69816040586309, 37.331534494146744
9621, 17.61953156788217, 6.653781594678372, 55.962534591641244, 34.611509259916275
9623, 13.920850788258274, 6.7540775824589545, 32.781979213006025, 56.95595907307801
9626, 14.221141434700202, 6.636272556192228, 36.56486896252978, 53.30084470435348
9638, 16.236105084062356, 6.933754840650121, 46.51238200465976, 43.65527346095645
9644, 15.458567952529163, 7.374700593560459, 43.91867578265563, 47.58186397984886
9648, 14.469983631029098, 7.26572966216112, 38.051359118352714, 53.3285876242453
9650, 13.97211512127041, 7.544167719746118, 35.572699285722976, 57.165281512758426
9651, 16.240388444541036, 7.376291372199545, 48.891579111042006, 42.861902752171304
9654, 16.276280129530683, 7.079271208821754, 47.069088175680214, 44.09723620451281
9655, 16.31998881988698, 6.988243032580345, 47.46311498937941, 43.322808427579076
9667, 16.015058621638715, 6.932733117985946, 44.669965936114146, 45.622469310366995
9668, 15.307271090394261, 7.1375762910607765, 42.065524088201485, 48.46248301807922
9669, 14.596308656461133, 7.069222775101235, 38.05598849058866, 53.00323702193982
9671, 16.007404757625086, 6.959656562993214, 44.806525831416025, 45.785400543819286
9672, 15.409547067807566, 7.084767045514392, 42.403009758992035, 48.026108144276535
9673, 14.53959685007096, 7.093228381939505, 37.85022135537599, 53.20887898207486
9678, 14.54132940192576, 7.212269313448435, 38.38075467089999, 53.190865795579434
9682, 15.316822232087665, 7.014906311581187, 41.114133138744236, 49.805963713556004
9688, 15.11731001769788, 7.448268193996242, 42.46411787120539, 49.76247935983742
9691, 15.487558092821425, 6.823383546872583, 41.43315769271033, 47.59570087587675
972, 16.47166116123099, 6.204183938335552, 46.686849087700026, 39.408319988778885
9720, 14.849530020637808, 7.368179282569466, 40.724866844207725, 50.5936529072348
9729, 14.516745635944195, 6.406761247215958, 34.8294008540741, 51.80088858215072
973, 16.79192218879222, 6.1545854852768, 48.955459203783995, 37.03296475323113
974, 15.499739097496894, 6.321783709245514, 39.840863004251204, 46.163110273909155
9747, 15.88303593196264, 6.972698077144793, 45.212515575245746, 45.15436799113942
9748, 16.062055176059665, 6.903350890307528, 46.33424219890385, 43.94089619653529
9753, 16.1110610657, 7.209563870118753, 47.365607683124566, 44.231420273328226
9756, 16.02451699417882, 6.934040834834505, 45.70230828228916, 44.87439456182562
9759, 14.293875542797872, 7.260299451560143, 36.42844912127769, 55.139241294500394
976, 12.943817910769235, 7.110883201611807, 30.350926126796214, 62.167746200969
9762, 13.395722855561463, 7.051464935878309, 30.680764514102833, 60.89043759160111
9764, 15.998559259306855, 6.809568550297715, 43.599380485286524, 46.36654620547238
9765, 14.395304898999086, 7.407920708077763, 37.371525447674216, 55.19843652503561
9767, 12.045238245801153, 6.42536592141685, 21.925433557634445, 70.23360140051426
9768, 14.379862509358617, 7.213949738703257, 36.37952123012406, 54.57087033183486
9769, 13.416636629838349, 7.055003560007688, 30.6512770733483, 61.14936601346842
9770, 15.876622544251235, 6.830862582641274, 43.42675812046673, 46.515294859665715
9771, 11.576383387744364, 6.600239379057561, 22.118451865100585, 70.8894953257242
9772, 11.548652996786414, 6.827282165880389, 23.287423143444443, 69.43848306212817
9774, 13.006103186065756, 6.770081052959411, 28.678259387927035, 63.17054931324012
9775, 11.147609198731773, 6.894937541966105, 22.406106644760523, 71.62477732345096
9777, 12.575240297865397, 6.90211508368241, 27.062303394525568, 65.57467486736466
9778, 12.536478908833507, 6.925429166777733, 26.78921680426949, 65.52137025042192
978, 11.28782414859424, 6.848324201838898, 22.49972927475167, 70.53820179367783
9780, 14.416962552974718, 7.447709302576108, 37.80972615059762, 54.58479425450658
9783, 14.146655893970287, 6.952828223202965, 35.23915493359581, 55.7395757549821
9786, 15.820904113648911, 7.095486853778795, 45.47134405752675, 45.29801893684377
9789, 13.18741093910175, 7.346046753665814, 32.97023509847896, 59.13314110485606
9792, 13.138364779232546, 7.7933417960195595, 33.76029827409946, 59.64279271152806
9795, 12.274477895854087, 6.390294670805833, 23.691591515552872, 66.66504353245944
9813, 13.778581918902734, 7.155788403820327, 35.16102023729298, 56.41528313831199
982, 15.078059442010566, 6.780312081515236, 40.203668486595916, 49.20311637322863
983, 15.118652264241181, 6.775451166936441, 40.435752691449544, 48.94841439178727
9831, 11.567533437979696, 6.690553936118173, 22.554971496261196, 70.63497939340095
9833, 12.5107444120204, 6.959842658368266, 28.36223712690057, 64.52449028672207
9834, 12.300690285402727, 6.734070536160831, 25.829407928110733, 66.00333357489673
9835, 11.378993931876293, 6.094347838171512, 18.893014134781698, 70.90857010653417
9839, 12.44740696832934, 7.175278797001649, 29.204404769661824, 62.7831715210356
9847, 14.828890506407543, 6.9290103607563385, 38.256769090355945, 51.08653135729497
9848, 13.760659840904262, 6.60003609545752, 32.58371984170886, 56.37632441172716
986, 15.09674660914114, 6.778265967624348, 40.32432831777773, 49.06789469795848
9860, 10.504688714456433, 5.64799719430895, 14.699454734291153, 78.09416652241647
9867, 11.136232369936591, 6.506791523412508, 20.646920457338126, 72.58896911680378
987, 15.086420823618276, 6.778787960211636, 40.24630784782662, 49.11363692398728
9873, 12.989412495118659, 6.195759450954643, 25.607861060329068, 64.06154783668495
9875, 13.027294606209434, 6.224759813298975, 25.97847954642443, 63.393891361336344
9884, 17.77613805285272, 6.583667292426858, 57.40574807912009, 33.54315539526445
9892, 13.373687506399461, 6.007374045467893, 26.50066534205873, 62.214039628866736
9893, 13.515310106278438, 6.022755354700336, 27.282602691804907, 61.41623552372361
990, 11.559616526476493, 6.578004576537607, 22.930265623990177, 69.75161033197614
9901, 14.426568893248524, 6.415844032950418, 34.19720503612685, 52.5937783931121
9910, 17.870065382830994, 6.72382876211846, 56.671074492252394, 34.42059697781394
9917, 13.407008746481997, 6.334420458009455, 28.620364691627646, 60.3581098263302
9924, 13.42266688558008, 6.336580235050536, 28.64586443714542, 60.39862645565841
993, 8.31069858506566, 5.605092941199304, 10.619948036951502, 85.45215069284065
9937, 17.893424835637134, 6.899788092188995, 58.571940248193336, 33.396540463097566
994, 15.275642495341387, 6.6607772722350544, 40.08858971452487, 48.41044242540502
9940, 9.721787128318875, 5.867934702006028, 14.143075745983166, 79.81637337413925
9942, 15.368081276304222, 7.135266500126471, 42.4985381338234, 48.656475371035555
9943, 15.21345056242238, 7.24366344068651, 42.144378105298316, 49.00839213394013
995, 17.692039608293513, 6.47502957017086, 56.24567234455061, 33.63107602825093
996, 13.806498243270983, 6.961532556567463, 33.53618815784962, 58.01247985737306
9979, 14.379668120514092, 7.370696885868322, 39.20106833884922, 52.42408407362248
9983, 15.628607622732794, 7.407534600259752, 44.98827834638916, 46.036937503573675
9987, 14.521010121481826, 7.173612018786188, 37.88958352486899, 53.39247954399191

--- Process finished in 3258.78 seconds ---
